"id_usuario","direccion_estacion_origen","direccion_estacion_destino","duracion_recorrido","distancia","dia"
153381,"Guemes 3330 & Coronel Diaz","Armenia 1525 y Gorriti",1780,6210.31462846117,"Sábado"
586269,"1226 Ecuador & Mansilla, Lucio Norberto, General","Armenia 1525 y Gorriti",1270,5164.06857002423,"Martes"
448406,"Acevedo 220 y padilla","Armenia 1525 y Gorriti",11571,37054.5248567136,"Martes"
527469,"Av. Sarmiento 2601","Armenia 1525 y Gorriti",522,2033.42307890998,"Lunes"
37446,"Armenia 1525 y Gorriti","Armenia 1525 y Gorriti",432,1416.46458604373,"Sábado"
527469,"Armenia 1525 y Gorriti","Armenia 1525 y Gorriti",1277,3860.71352520149,"Viernes"
527469,"Armenia 1525 y Gorriti","Armenia 1525 y Gorriti",3134,12958.6012308667,"Miércoles"
256655,"Maure 1819","Armenia 1525 y Gorriti",1953,6037.21547843306,"Miércoles"
115489,"Av. Guzman 1100 & Av. Corrientes","Armenia 1525 y Gorriti",1378,4635.63502816121,"Sábado"
90162,"1019 Riglos","Armenia 1525 y Gorriti",1672,6777.51844324585,"Miércoles"
499013,"3302 Guardia Vieja & Aguero","Armenia 1525 y Gorriti",1178,4482.21703569935,"Jueves"
527469,"780 Malabia & Loyola","Armenia 1525 y Gorriti",588,2146.74506823067,"Lunes"
527469,"Peru  1016","Armenia 1525 y Gorriti",1577,5998.135491219,"Lunes"
527469,"Peru  1016","Armenia 1525 y Gorriti",1633,5709.32828819625,"Viernes"
527469,"Peru  1016","Armenia 1525 y Gorriti",1759,7112.7689647291,"Domingo"
527469,"Peru  1016","Armenia 1525 y Gorriti",1738,6603.67450544986,"Lunes"
37446,"Iguazu & Uspallata","Armenia 1525 y Gorriti",3629,14498.8974357063,"Sábado"
337125,"Cevallos, Virrey& Yrigoyen, Hipolito Av.","Av. Pres. Figueroa Alcorta 2120",2611,8063.9844560986,"Viernes"
82247,"Santa Fe Av. & Bullrich, Int. Av.","Av. Pres. Figueroa Alcorta 2120",1657,5249.69653930424,"Sábado"
81924,"Peña & Azcuenaga","Av. Pres. Figueroa Alcorta 2120",564,1909.80917369404,"Miércoles"
13211,"3508 Carcova","Av. Pres. Figueroa Alcorta 2120",2765,11334.6667708409,"Lunes"
440910,"2939 Cavia","Av. Pres. Figueroa Alcorta 2120",535,2151.02994122976,"Sábado"
253726,"3822 Guemes","Av. Pres. Figueroa Alcorta 2120",1605,4779.34255752189,"Martes"
337125,"Av. Pres. Figueroa Alcorta 2120","Av. Pres. Figueroa Alcorta 2120",953,3469.11920780678,"Domingo"
81924,"Riobamba 1264 & Juncal","Av. Pres. Figueroa Alcorta 2120",688,2204.74017013589,"Lunes"
456267,"3051 San Martin De Tours","Av. Pres. Figueroa Alcorta 2120",488,1372.08936731331,"Martes"
456267,"3051 San Martin De Tours","Av. Pres. Figueroa Alcorta 2120",637,1858.8730235293,"Lunes"
456267,"3051 San Martin De Tours","Av. Pres. Figueroa Alcorta 2120",605,2384.72064920966,"Jueves"
456267,"3051 San Martin De Tours","Av. Pres. Figueroa Alcorta 2120",679,2478.67591789529,"Martes"
456267,"3051 San Martin De Tours","Av. Pres. Figueroa Alcorta 2120",521,1695.06742832147,"Viernes"
456267,"3051 San Martin De Tours","Av. Pres. Figueroa Alcorta 2120",462,1769.06930681629,"Jueves"
456267,"3051 San Martin De Tours","Av. Pres. Figueroa Alcorta 2120",523,1520.66390998759,"Jueves"
487396,"Salguero, Jeronimo & Mansilla, Lucio Norberto, General","1226 Ecuador & Mansilla, Lucio Norberto, General",492,1953.72888315857,"Lunes"
198972,"Miller & Monroe","1226 Ecuador & Mansilla, Lucio Norberto, General",2457,10101.3243201451,"Miércoles"
198972,"Av. Del Libertador, 3260","1226 Ecuador & Mansilla, Lucio Norberto, General",1077,3314.66552773394,"Martes"
81924,"Marcelo T. de Alvear & Rodriguez Peña","1226 Ecuador & Mansilla, Lucio Norberto, General",462,1345.44265748894,"Martes"
20794,"2875 Moreno","Moreno & Av Paseo Colon",2321,7204.10828084019,"Sábado"
198972,"Triunvirato Av. & Roosevelt Franklin D. Av.","Moreno & Av Paseo Colon",3715,13104.4013122947,"Domingo"
406542,"Beruti & Ecuador","Beruti & Ecuador",1808,6232.48358632231,"Domingo"
406542,"1590 Lavalle","Beruti & Ecuador",797,2739.25780006975,"Lunes"
406542,"Saenz Peña 938, Roque, Pres. Diagonal Norte Av. & Suipacha","Beruti & Ecuador",1428,4229.3110951238,"Martes"
406542,"Machaca Guemes 350","Beruti & Ecuador",1949,7884.32468646368,"Domingo"
406542,"Peña & Azcuenaga","Beruti & Ecuador",1728,4824.24894142896,"Domingo"
406542,"3822 Guemes","Beruti & Ecuador",1619,5121.51649408431,"Martes"
129898,"3082 Cabello","Beruti & Ecuador",3017,10266.3693973494,"Lunes"
175082,"Aguero & Mansilla, Lucio Norberto, General","Beruti & Ecuador",483,1543.17773327833,"Martes"
81924,"Beruti & Ecuador","Riobamba 1264 & Juncal",432,1361.42055052333,"Domingo"
81924,"Suipacha & Viamonte, 709","Riobamba 1264 & Juncal",835,2803.53425856609,"Lunes"
81924,"Manso Juana & De La Barra, Emma","Riobamba 1264 & Juncal",1645,5552.89579544721,"Sábado"
81924,"Machaca Guemes 350","Riobamba 1264 & Juncal",1319,4078.3442443586,"Martes"
81924,"1520 Billinghurst & Mansilla, Lucio Norberto, General","Riobamba 1264 & Juncal",1249,5126.21560506911,"Viernes"
81924,"1520 Billinghurst & Mansilla, Lucio Norberto, General","Riobamba 1264 & Juncal",1224,5052.5449924171,"Jueves"
81924,"1520 Billinghurst & Mansilla, Lucio Norberto, General","Riobamba 1264 & Juncal",889,2933.20672419989,"Viernes"
81924,"Godoy Cruz  3279 y Libertador","Riobamba 1264 & Juncal",1343,4249.05859781041,"Martes"
81924,"Godoy Cruz  3279 y Libertador","Riobamba 1264 & Juncal",1454,4763.9735539392,"Lunes"
81924,"Godoy Cruz  3279 y Libertador","Riobamba 1264 & Juncal",2079,7932.40880258381,"Domingo"
81924,"Godoy Cruz  3279 y Libertador","Riobamba 1264 & Juncal",1567,5811.11531407934,"Martes"
81924,"Godoy Cruz  3279 y Libertador","Riobamba 1264 & Juncal",1581,5948.568264947,"Miércoles"
81924,"2000 Vicente Lopez","Riobamba 1264 & Juncal",496,1712.18472833021,"Viernes"
81924,"2516 Pereyra Lucena","Riobamba 1264 & Juncal",981,3438.99348450941,"Miércoles"
81924,"Salguero, Jeronimo & Mansilla, Lucio Norberto, General","Riobamba 1264 & Juncal",1042,4169.32254020551,"Miércoles"
153381,"Av. Sarmiento 2601","Riobamba 1264 & Juncal",1695,6424.6373779218,"Sábado"
81924,"2939 Cavia","Riobamba 1264 & Juncal",1134,4356.89519603038,"Viernes"
81924,"2939 Cavia","Riobamba 1264 & Juncal",1100,3385.27052378696,"Lunes"
81924,"2939 Cavia","Riobamba 1264 & Juncal",1253,4744.20081929679,"Viernes"
81924,"Parana & Juncal","Riobamba 1264 & Juncal",4702,18810.8709795549,"Jueves"
81924,"Parana & Juncal","Riobamba 1264 & Juncal",286,881.806068780134,"Miércoles"
297188,"3822 Guemes","Riobamba 1264 & Juncal",1200,4232.54758818075,"Domingo"
81924,"Av. Del Libertador, 3260","Riobamba 1264 & Juncal",1198,3479.23170260361,"Martes"
81924,"Dr Tomas Manuel De  Anchorena &  Jose A. Cabrera","Riobamba 1264 & Juncal",756,2456.49730246514,"Miércoles"
81924,"Dr Tomas Manuel De  Anchorena &  Jose A. Cabrera","Riobamba 1264 & Juncal",680,2712.03123088667,"Miércoles"
81924,"Dr Tomas Manuel De  Anchorena &  Jose A. Cabrera","Riobamba 1264 & Juncal",871,3011.74837146148,"Lunes"
81924,"Aguero & Mansilla, Lucio Norberto, General","Riobamba 1264 & Juncal",1378,4650.73167942982,"Viernes"
81924,"Aguero & Mansilla, Lucio Norberto, General","Riobamba 1264 & Juncal",1675,6577.16715564473,"Martes"
81924,"Aguero & Mansilla, Lucio Norberto, General","Riobamba 1264 & Juncal",762,2131.72587557541,"Viernes"
81924,"Figueroa Alcorta & Sarmiento","Riobamba 1264 & Juncal",1487,5757.05530656172,"Miércoles"
81924,"1471 Cucha Cucha","Riobamba 1264 & Juncal",1864,6426.70289616152,"Lunes"
81924,"1350 Posadas","Riobamba 1264 & Juncal",481,1820.82565783251,"Miércoles"
81924,"Villaflor, Azucena & Dealessi, Pierina","Riobamba 1264 & Juncal",1624,5584.24952430133,"Domingo"
81924,"3051 San Martin De Tours","Riobamba 1264 & Juncal",1444,4821.16504286468,"Viernes"
26900,"Acevedo 220 y padilla","Av Guzman 129 & Leiva",1687,4916.10068313635,"Jueves"
81924,"Uriburu Jose E., Pres. & Paraguay","Av Guzman 129 & Leiva",1432,4640.87914330109,"Lunes"
577751,"J.Ramirez de Velasco 285","Av Guzman 129 & Leiva",1144,3847.78016314894,"Lunes"
297188,"Santa Fe Av. & Dorrego","Av Guzman 129 & Leiva",1463,5949.09658605078,"Domingo"
427602,"Triunvirato Av. & Roosevelt Franklin D. Av.","Av Guzman 129 & Leiva",970,3521.77961030328,"Lunes"
170766,"o´higins 1327","Av Guzman 129 & Leiva",1533,5663.9438085258,"Sábado"
564043,"Godoy Cruz  3279 y Libertador","Godoy Cruz  3279 y Libertador",1831,7453.13657440323,"Lunes"
564043,"Godoy Cruz  3279 y Libertador","Godoy Cruz  3279 y Libertador",1806,7239.88165972211,"Lunes"
488208,"Godoy Cruz  3279 y Libertador","Godoy Cruz  3279 y Libertador",1512,5630.459179217,"Domingo"
488208,"Godoy Cruz  3279 y Libertador","Godoy Cruz  3279 y Libertador",1380,4925.13594976238,"Domingo"
81924,"2000 Vicente Lopez","Godoy Cruz  3279 y Libertador",1195,4854.5126880684,"Martes"
81924,"2000 Vicente Lopez","Godoy Cruz  3279 y Libertador",1271,5162.87421271101,"Viernes"
81924,"2000 Vicente Lopez","Godoy Cruz  3279 y Libertador",1258,5139.3790069877,"Viernes"
90162,"Peña & Azcuenaga","Godoy Cruz  3279 y Libertador",1571,6290.01565064666,"Domingo"
90162,"Peña & Azcuenaga","Godoy Cruz  3279 y Libertador",1646,5879.66826018722,"Domingo"
81924,"Peña & Azcuenaga","Godoy Cruz  3279 y Libertador",1609,5375.7455311693,"Martes"
81924,"Peña & Azcuenaga","Godoy Cruz  3279 y Libertador",1399,5363.28170984149,"Lunes"
463112,"Armenia 1525 y Gorriti","Godoy Cruz  3279 y Libertador",2864,8821.87532359838,"Sábado"
564043,"Av. Guzman 1100 & Av. Corrientes","Godoy Cruz  3279 y Libertador",3466,13084.1792461074,"Domingo"
40938,"Figueroa Alcorta, Pres. Av. & Dorrego Av.","Godoy Cruz  3279 y Libertador",888,2973.63748648204,"Jueves"
564287,"Av. Del Libertador, 3260","Godoy Cruz  3279 y Libertador",704,2778.00349036439,"Miércoles"
520252,"3050 Ugarteche","Godoy Cruz  3279 y Libertador",1110,4129.82449906607,"Martes"
544813,"780 Malabia & Loyola","Godoy Cruz  3279 y Libertador",1651,4735.49211624163,"Martes"
123931,"1471 Cucha Cucha","Godoy Cruz  3279 y Libertador",2297,8867.68107178084,"Martes"
123931,"1471 Cucha Cucha","Godoy Cruz  3279 y Libertador",2064,7367.55824542294,"Martes"
123931,"Saavedra & Mexico","Godoy Cruz  3279 y Libertador",2037,6393.84167047974,"Martes"
81924,"Riobamba 1264 & Juncal","Godoy Cruz  3279 y Libertador",1755,6868.1505228742,"Jueves"
81924,"Riobamba 1264 & Juncal","Godoy Cruz  3279 y Libertador",1753,5262.7106218117,"Miércoles"
81924,"Riobamba 1264 & Juncal","Godoy Cruz  3279 y Libertador",1489,4910.50834854573,"Martes"
81924,"Marcelo T. de Alvear & Rodriguez Peña","Godoy Cruz  3279 y Libertador",1609,5454.30585614037,"Viernes"
81924,"Marcelo T. de Alvear & Rodriguez Peña","Godoy Cruz  3279 y Libertador",1611,6244.9101973325,"Domingo"
585710,"67 San Martin","Godoy Cruz  3279 y Libertador",2397,8495.89263029047,"Viernes"
26900,"Ayacucho &Peron, Juan Domingo, Tte. General","441 Bulnes & Peron, Juan Domingo, Tte. General",977,2844.4512436105,"Viernes"
26900,"Ayacucho &Peron, Juan Domingo, Tte. General","441 Bulnes & Peron, Juan Domingo, Tte. General",807,3238.400401955,"Viernes"
26900,"Ayacucho &Peron, Juan Domingo, Tte. General","441 Bulnes & Peron, Juan Domingo, Tte. General",673,2294.27311266934,"Viernes"
193956,"Bruno Giordano&Neuquen","441 Bulnes & Peron, Juan Domingo, Tte. General",2530,9134.00421588772,"Domingo"
284282,"2875 Moreno","2875 Moreno",537,2078.05686147185,"Domingo"
346419,"2875 Moreno","2875 Moreno",1991,7191.0957061705,"Lunes"
346419,"2875 Moreno","2875 Moreno",2847,8207.92926091138,"Martes"
421259,"80 Larrea","Dr Tomas Manuel De  Anchorena &  Jose A. Cabrera",1037,2982.36609916364,"Martes"
81924,"Riobamba 1264 & Juncal","Dr Tomas Manuel De  Anchorena &  Jose A. Cabrera",768,2988.58565737804,"Jueves"
499013,"Riobamba 1264 & Juncal","3302 Guardia Vieja & Aguero",1114,3256.23169607069,"Lunes"
440922,"1355 San Martin Av.","3302 Guardia Vieja & Aguero",2030,7895.06713822872,"Sábado"
66050,"Armenia 1525 y Gorriti","Lavalle & Acuña De Figueroa, Francisco",5817,16878.8174906037,"Domingo"
66050,"80 Larrea","Lavalle & Acuña De Figueroa, Francisco",1194,4399.44127137229,"Jueves"
547402,"2300 Diaz, Cnel. Av. & French","Lavalle & Acuña De Figueroa, Francisco",887,2938.06584177461,"Martes"
141457,"Juana De Ibarbourou & Av Patricias Argentinas","Lavalle & Acuña De Figueroa, Francisco",1740,5609.28358339394,"Martes"
547402,"Aguero & Mansilla, Lucio Norberto, General","Lavalle & Acuña De Figueroa, Francisco",587,1979.72436597694,"Lunes"
13211,"Fitz Roy  1092 & Loyola","Lavalle & Acuña De Figueroa, Francisco",1404,3935.15085823601,"Viernes"
20794,"Machaca Guemes 350","Cevallos, Virrey& Yrigoyen, Hipolito Av.",927,2667.76637725707,"Miércoles"
459612,"2000 Vicente Lopez","Cevallos, Virrey& Yrigoyen, Hipolito Av.",1071,4282.76341660239,"Jueves"
459612,"2000 Vicente Lopez","Cevallos, Virrey& Yrigoyen, Hipolito Av.",1018,3180.59883781372,"Lunes"
459612,"2000 Vicente Lopez","Cevallos, Virrey& Yrigoyen, Hipolito Av.",1093,3286.65050816328,"Sábado"
459612,"2000 Vicente Lopez","Cevallos, Virrey& Yrigoyen, Hipolito Av.",1090,4117.84170768806,"Miércoles"
459612,"2000 Vicente Lopez","Cevallos, Virrey& Yrigoyen, Hipolito Av.",1145,4206.43748264734,"Martes"
459612,"Peña & Azcuenaga","Cevallos, Virrey& Yrigoyen, Hipolito Av.",994,3116.22741911625,"Sábado"
459612,"Peña & Azcuenaga","Cevallos, Virrey& Yrigoyen, Hipolito Av.",1254,3636.38331188316,"Lunes"
459612,"Peña & Azcuenaga","Cevallos, Virrey& Yrigoyen, Hipolito Av.",806,3292.96746426133,"Domingo"
459612,"Peña & Azcuenaga","Cevallos, Virrey& Yrigoyen, Hipolito Av.",890,2751.62644821103,"Domingo"
459612,"Peña & Azcuenaga","Cevallos, Virrey& Yrigoyen, Hipolito Av.",1147,3268.51605118427,"Sábado"
459612,"Peña & Azcuenaga","Cevallos, Virrey& Yrigoyen, Hipolito Av.",984,3569.74564324288,"Miércoles"
459612,"Peña & Azcuenaga","Cevallos, Virrey& Yrigoyen, Hipolito Av.",1099,4178.00885786775,"Sábado"
474653,"Parana & Juncal","Cevallos, Virrey& Yrigoyen, Hipolito Av.",711,2732.2968505614,"Lunes"
474653,"Parana & Juncal","Cevallos, Virrey& Yrigoyen, Hipolito Av.",1032,3118.4395964335,"Miércoles"
459612,"Lavalle & Acuña De Figueroa, Francisco","Cevallos, Virrey& Yrigoyen, Hipolito Av.",12987,44286.543814803,"Martes"
275957,"Regimiento De Patricios Av. & Araoz De Lamadrid, Gregorio, Gral.","Cevallos, Virrey& Yrigoyen, Hipolito Av.",1556,4787.61109400851,"Viernes"
399896,"Sarandi 1010","Cevallos, Virrey& Yrigoyen, Hipolito Av.",1375,4375.31676216167,"Martes"
142836,"Urquiza, Gral. & Rondeau","Cevallos, Virrey& Yrigoyen, Hipolito Av.",1378,4145.28573466038,"Lunes"
142836,"Urquiza, Gral. & Rondeau","Cevallos, Virrey& Yrigoyen, Hipolito Av.",1802,7293.76586264568,"Domingo"
81924,"Cordoba Av. & Montevideo","1520 Billinghurst & Mansilla, Lucio Norberto, General",804,2259.54831771475,"Jueves"
81924,"Pres. José Evaristo Uriburu 987","1520 Billinghurst & Mansilla, Lucio Norberto, General",447,1745.54524701768,"Jueves"
81924,"Riobamba 1264 & Juncal","1520 Billinghurst & Mansilla, Lucio Norberto, General",847,3203.73915438055,"Jueves"
389205,"Suipacha & Viamonte, 709","Reconquista 76 & Cordoba Av.",2935,9419.60441765291,"Viernes"
527469,"1226 Ecuador & Mansilla, Lucio Norberto, General","Av. Patricias Argentinas & Estivao",1602,5374.66309580486,"Domingo"
245547,"Av. Patricias Argentinas & Estivao","Av. Patricias Argentinas & Estivao",702,2031.5929607721,"Domingo"
245547,"Av. Patricias Argentinas & Estivao","Av. Patricias Argentinas & Estivao",1340,5229.9727692217,"Domingo"
412909,"Av. Patricias Argentinas & Estivao","Av. Patricias Argentinas & Estivao",338,1053.27200976511,"Lunes"
90162,"1019 Riglos","Av. Patricias Argentinas & Estivao",1513,5698.67055315246,"Sábado"
90162,"1019 Riglos","Av. Patricias Argentinas & Estivao",1435,4005.36173072113,"Lunes"
232694,"Quintino Bocayuva y Don Bosco","Av. Patricias Argentinas & Estivao",493,1571.42060926158,"Viernes"
321372,"3568 Estados Unidos & Boedo Av.","Av. Patricias Argentinas & Estivao",1165,4326.83678688287,"Miércoles"
8203,"1471 Cucha Cucha","Av. Patricias Argentinas & Estivao",616,2133.4473615357,"Martes"
232694,"4300 Yrigoyen, Hipolito Av.","Av. Patricias Argentinas & Estivao",418,1257.56813467661,"Jueves"
93622,"Urquiza, Gral. & Rondeau","Av. Patricias Argentinas & Estivao",1561,5244.92941101036,"Miércoles"
439012,"Virasoro, Valentin & Figueroa, D Apolinario, Coronel","Av. Patricias Argentinas & Estivao",2667,10630.5522729196,"Miércoles"
527469,"Marcelo T. de Alvear & Rodriguez Peña","Av. Patricias Argentinas & Estivao",1598,5759.72794537407,"Domingo"
175082,"Beruti & Ecuador","Juncal & Salguero, Jeronimo",475,1575.81474288438,"Jueves"
520252,"Guemes 3330 & Coronel Diaz","Juncal & Salguero, Jeronimo",1997,6711.5163325594,"Viernes"
448406,"Acevedo 220 y padilla","Juncal & Salguero, Jeronimo",922,2663.73772627752,"Sábado"
253726,"Armenia 2315 & Charcas","Juncal & Salguero, Jeronimo",1854,7398.33895164775,"Jueves"
520252,"3822 Guemes","Juncal & Salguero, Jeronimo",1612,5949.51321388362,"Sábado"
297188,"Riobamba 1264 & Juncal","Juncal & Salguero, Jeronimo",1009,3623.75491547929,"Miércoles"
153381,"1798 Matienzo, Benjamin, Teniente","3082 Cabello",1877,5592.11366269931,"Sábado"
520252,"2300 Diaz, Cnel. Av. & French","3082 Cabello",2574,8455.13003716478,"Martes"
396238,"Av. Del Libertador, 3260","3082 Cabello",684,2188.24457556475,"Sábado"
173380,"1483 Quinteros, Lidoro J. Av.","3082 Cabello",4348,15633.6735329526,"Martes"
520252,"Ramos Mejia, Av Dr Jose Maria Vargas& Av. Del Libertador","3082 Cabello",1288,4251.74660904902,"Jueves"
39829,"o´higins 1327","3082 Cabello",2042,6758.18550619943,"Sábado"
577751,"925 Yatay& Humahuaca","141 Jose Maria Moreno",1421,5369.60477048318,"Sábado"
20794,"2502 Galicia","141 Jose Maria Moreno",1616,6233.76763645663,"Sábado"
435160,"2185 Ravignani, Emilio, Dr. & Guatemala","780 Malabia & Loyola",920,2640.14098594069,"Domingo"
544813,"Godoy Cruz  3279 y Libertador","780 Malabia & Loyola",1891,6620.67994633172,"Martes"
431374,"2939 Cavia","780 Malabia & Loyola",1859,5477.75606440717,"Domingo"
321372,"Av. Guzman 1100 & Av. Corrientes","780 Malabia & Loyola",813,3282.94925053293,"Viernes"
435160,"Avenida Rivadavia y Fray Cayetano","780 Malabia & Loyola",1846,7675.62842980583,"Martes"
31635,"Bernardo Irigoyen 320","780 Malabia & Loyola",2021,7841.53212388111,"Viernes"
544813,"Triunvirato Av. & Tronador","780 Malabia & Loyola",1281,5283.68570606399,"Sábado"
321372,"Quintino Bocayuva y Don Bosco","780 Malabia & Loyola",6594,25118.3406718502,"Miércoles"
435160,"Zapiola & Dorrego","780 Malabia & Loyola",780,2303.33995306864,"Sábado"
31635,"780 Malabia & Loyola","780 Malabia & Loyola",3868,10831.1666729368,"Martes"
435160,"Santa Fe Av. & Dorrego","780 Malabia & Loyola",1548,5821.76643977873,"Martes"
435160,"Santa Fe Av. & Dorrego","780 Malabia & Loyola",1231,5102.28698107821,"Miércoles"
544813,"1981 Vidal","780 Malabia & Loyola",2417,7704.99751042872,"Viernes"
435160,"Cerrito & Arenales","780 Malabia & Loyola",1643,5040.46737776112,"Viernes"
552286,"1520 Billinghurst & Mansilla, Lucio Norberto, General","Pres. José Evaristo Uriburu 987",1434,5873.31718026738,"Martes"
182315,"Maure 1819","Pres. José Evaristo Uriburu 987",1936,6750.25816418541,"Miércoles"
129898,"Beruti & Ecuador","2300 Diaz, Cnel. Av. & French",2569,9398.10323458094,"Sábado"
499013,"1520 Billinghurst & Mansilla, Lucio Norberto, General","2300 Diaz, Cnel. Av. & French",324,1110.43993451167,"Lunes"
111996,"Juncal & Salguero, Jeronimo","2300 Diaz, Cnel. Av. & French",10583,40927.1048905745,"Lunes"
123931,"3082 Cabello","2300 Diaz, Cnel. Av. & French",1601,4896.64719295882,"Sábado"
499013,"Lavalle & Acuña De Figueroa, Francisco","2300 Diaz, Cnel. Av. & French",654,2473.87060159235,"Jueves"
20794,"441 Bulnes & Peron, Juan Domingo, Tte. General","2300 Diaz, Cnel. Av. & French",1595,5598.46217537739,"Miércoles"
26900,"441 Bulnes & Peron, Juan Domingo, Tte. General","2300 Diaz, Cnel. Av. & French",1402,4448.35148858708,"Sábado"
431374,"Figueroa Alcorta & Sarmiento","2300 Diaz, Cnel. Av. & French",5444,15288.7545084335,"Domingo"
153381,"1350 Posadas","2300 Diaz, Cnel. Av. & French",1631,6623.7981929295,"Lunes"
548894,"Amenabar y Mendoza","2300 Diaz, Cnel. Av. & French",2422,9618.5243434318,"Viernes"
396238,"Riobamba 1264 & Juncal","2300 Diaz, Cnel. Av. & French",753,2539.23657298049,"Jueves"
132666,"Maza y don Bosco","Ayacucho 595",941,2949.80052613375,"Viernes"
89434,"Uriburu Jose E., Pres. & Paraguay","Ayacucho 595",2211,8422.68821630084,"Domingo"
122229,"Pellegrini Y Rivadavia Av.","Ayacucho 595",509,2077.0046911267,"Martes"
192281,"Av. Pres. Figueroa Alcorta 2120","Ayacucho 595",1621,6340.73811385832,"Viernes"
517412,"Av. Pres. Figueroa Alcorta 2120","Ayacucho 595",1735,6075.93756762637,"Viernes"
321372,"J.Ramirez de Velasco 285","3912 Humahuaca",474,1482.96493015951,"Miércoles"
573087,"BRASIL&DEFENSA","3912 Humahuaca",2856,10752.1950760468,"Jueves"
499013,"Culpina 121","3912 Humahuaca",1696,6626.3116206146,"Jueves"
49450,"Av. Rivadavia & Del Barco Centenera","Bartolome Mitre & Av. Puyrredon",1860,7162.99443121534,"Sábado"
365573,"Santa Fe Av. & Bullrich, Int. Av.","Figueroa Alcorta, Pres. Av. & Dorrego Av.",1608,5435.69349050522,"Jueves"
198972,"Santa Fe Av. & Bullrich, Int. Av.","Figueroa Alcorta, Pres. Av. & Dorrego Av.",449,1642.50031316284,"Jueves"
520252,"Godoy Cruz  3279 y Libertador","Figueroa Alcorta, Pres. Av. & Dorrego Av.",1471,4509.04354983359,"Martes"
307481,"Figueroa Alcorta, Pres. Av. & Dorrego Av.","Figueroa Alcorta, Pres. Av. & Dorrego Av.",2645,10790.6341641647,"Lunes"
93622,"Av. Del Libertador, 3260","Figueroa Alcorta, Pres. Av. & Dorrego Av.",1029,2863.65370514298,"Domingo"
39654,"3050 Ugarteche","Figueroa Alcorta, Pres. Av. & Dorrego Av.",3997,11726.4366636062,"Lunes"
20794,"441 Bulnes & Peron, Juan Domingo, Tte. General","Figueroa Alcorta, Pres. Av. & Dorrego Av.",1535,5417.55993457951,"Miércoles"
27895,"Zapiola & Dorrego","Figueroa Alcorta, Pres. Av. & Dorrego Av.",1015,3751.58953517287,"Viernes"
198972,"Triunvirato Av. & Roosevelt Franklin D. Av.","Figueroa Alcorta, Pres. Av. & Dorrego Av.",1786,5250.94022030567,"Lunes"
198972,"Triunvirato Av. & Roosevelt Franklin D. Av.","Figueroa Alcorta, Pres. Av. & Dorrego Av.",2105,7624.68439715384,"Jueves"
198972,"Triunvirato Av. & Roosevelt Franklin D. Av.","Figueroa Alcorta, Pres. Av. & Dorrego Av.",2123,6553.70778852925,"Lunes"
198972,"Triunvirato Av. & Roosevelt Franklin D. Av.","Figueroa Alcorta, Pres. Av. & Dorrego Av.",2038,7484.86193204169,"Viernes"
198972,"Triunvirato Av. & Roosevelt Franklin D. Av.","Figueroa Alcorta, Pres. Av. & Dorrego Av.",1985,7643.68640498206,"Jueves"
198972,"Triunvirato Av. & Roosevelt Franklin D. Av.","Figueroa Alcorta, Pres. Av. & Dorrego Av.",1963,6997.75707858531,"Miércoles"
304004,"2786 Montañeses","Figueroa Alcorta, Pres. Av. & Dorrego Av.",1791,5275.78870477446,"Lunes"
40938,"Sucre, Antonio Jose De, Mcal. Y Vertiz Virrey Av.","Figueroa Alcorta, Pres. Av. & Dorrego Av.",1595,6028.81579508216,"Jueves"
374441,"o´higins 1327","Maure 1819",548,2115.83751201267,"Sábado"
175082,"Beruti & Ecuador","Salguero, Jeronimo & Mansilla, Lucio Norberto, General",1191,4421.98457958584,"Viernes"
487396,"Beruti & Ecuador","Salguero, Jeronimo & Mansilla, Lucio Norberto, General",695,2461.64381196043,"Miércoles"
487396,"1226 Ecuador & Mansilla, Lucio Norberto, General","Salguero, Jeronimo & Mansilla, Lucio Norberto, General",425,1559.54260175349,"Sábado"
487396,"Uriburu Jose E., Pres. & Paraguay","Salguero, Jeronimo & Mansilla, Lucio Norberto, General",775,2927.14508457316,"Domingo"
487396,"Ayacucho 595","Salguero, Jeronimo & Mansilla, Lucio Norberto, General",793,2766.69157287429,"Miércoles"
487396,"Libertad & lavalle","Salguero, Jeronimo & Mansilla, Lucio Norberto, General",1223,3924.00077904846,"Domingo"
487396,"Ing. E. Butty 291","Salguero, Jeronimo & Mansilla, Lucio Norberto, General",1441,5318.23773824144,"Jueves"
585710,"Olleros Av. & Del Libertador Av.","Amenabar y Mendoza",1559,4790.99982540938,"Lunes"
528383,"GARCIA DEL RIO & PINTO","Amenabar y Mendoza",1662,4748.04595082533,"Martes"
105913,"2700 Pedraza, Manuela","Amenabar y Mendoza",685,2515.26523018321,"Viernes"
234641,"2519 Superi","Amenabar y Mendoza",1779,6525.39765541636,"Viernes"
548894,"3082 Cabello","Amenabar y Mendoza",1529,5511.04914909164,"Lunes"
28237,"780 Malabia & Loyola","Amenabar y Mendoza",2382,9629.83800958803,"Sábado"
28237,"1399 Moldes","Amenabar y Mendoza",2265,6326.64255482086,"Jueves"
395665,"1981 Vidal","Amenabar y Mendoza",1251,3557.54253450723,"Viernes"
20794,"3912 Humahuaca","1413 Araoz & Gorriti CABA",621,2276.30215478421,"Viernes"
193956,"Virasoro, Valentin & Figueroa, D Apolinario, Coronel","1413 Araoz & Gorriti CABA",684,2001.67999420082,"Miércoles"
440910,"Santa Fe Av. & Bullrich, Int. Av.","2939 Cavia",611,1927.29345533201,"Lunes"
81924,"519 Pasteur","2939 Cavia",1487,4785.59989525691,"Miércoles"
440910,"2516 Pereyra Lucena","2939 Cavia",515,1991.70154130843,"Sábado"
440910,"Av. Sarmiento 2601","2939 Cavia",392,1449.40626349093,"Martes"
440910,"2939 Cavia","2939 Cavia",792,2930.83376812283,"Viernes"
520252,"2080 Austria","2939 Cavia",2338,8571.29518194577,"Domingo"
440910,"La Pampa 2512 & Ciudad de la Paz","2939 Cavia",2896,8939.38659413511,"Sábado"
81924,"Riobamba 1264 & Juncal","2939 Cavia",1120,4293.5303826299,"Martes"
194236,"2185 Ravignani, Emilio, Dr. & Guatemala","2185 Ravignani, Emilio, Dr. & Guatemala",1400,4563.49139412244,"Jueves"
297188,"2000 Vicente Lopez","2185 Ravignani, Emilio, Dr. & Guatemala",1207,4794.71118983929,"Sábado"
121665,"137 Aranguren, Juan F., Dr. & Portugal","2185 Ravignani, Emilio, Dr. & Guatemala",1464,5806.68046191956,"Jueves"
2719,"Armenia 1525 y Gorriti","2185 Ravignani, Emilio, Dr. & Guatemala",698,2183.45966850045,"Sábado"
31552,"925 Yatay& Humahuaca","2185 Ravignani, Emilio, Dr. & Guatemala",1074,3917.99310919402,"Lunes"
297188,"2300 Diaz, Cnel. Av. & French","2185 Ravignani, Emilio, Dr. & Guatemala",1530,6288.94331670017,"Martes"
151241,"394 Rawson & Potosi","2185 Ravignani, Emilio, Dr. & Guatemala",1273,4174.78834606073,"Sábado"
121665,"394 Rawson & Potosi","2185 Ravignani, Emilio, Dr. & Guatemala",1376,4206.24467088944,"Viernes"
440910,"2001 Donado","2185 Ravignani, Emilio, Dr. & Guatemala",1010,3919.48085665354,"Miércoles"
232694,"Av. Patricias Argentinas & Estivao","Quintino Bocayuva y Don Bosco",468,1838.74936827924,"Miércoles"
20794,"137 Aranguren, Juan F., Dr. & Portugal","Quintino Bocayuva y Don Bosco",470,1792.87853097129,"Sábado"
98238,"Quintino Bocayuva y Don Bosco","Quintino Bocayuva y Don Bosco",2231,8723.49839978043,"Martes"
20794,"2502 Galicia","Quintino Bocayuva y Don Bosco",2975,9948.36378942839,"Sábado"
440341,"3568 Estados Unidos & Boedo Av.","Quintino Bocayuva y Don Bosco",749,2879.56871541715,"Miércoles"
20794,"494 Gainza, Martin De, Gral.","Quintino Bocayuva y Don Bosco",1875,5727.63753007166,"Viernes"
81924,"Machaca Guemes 350","Cerrito 990 y Av. Marcelo T. De Alvear",1094,4377.72915846306,"Sábado"
367264,"Ramos Mejia, Av Dr Jose Maria Vargas& Av. Del Libertador","Cerrito 990 y Av. Marcelo T. De Alvear",485,1679.38720240555,"Martes"
122229,"Pellegrini Y Rivadavia Av.","Cerrito 990 y Av. Marcelo T. De Alvear",407,1575.52098335549,"Viernes"
381039,"1798 Matienzo, Benjamin, Teniente","3508 Carcova",1142,3881.35263042188,"Sábado"
448406,"Ayacucho &Peron, Juan Domingo, Tte. General","3508 Carcova",653,2243.82142785051,"Jueves"
448406,"Acevedo 220 y padilla","3508 Carcova",874,2996.9434840941,"Lunes"
448406,"Armenia 2315 & Charcas","3508 Carcova",540,1958.70747661684,"Martes"
90978,"3508 Carcova","3508 Carcova",1869,7435.56954296364,"Viernes"
459612,"3822 Guemes","3508 Carcova",843,3265.66190037605,"Martes"
20794,"Guayaquil & Doblas","3508 Carcova",1038,4037.6328777483,"Martes"
499013,"3302 Guardia Vieja & Aguero","3508 Carcova",852,3194.28334853534,"Jueves"
26900,"441 Bulnes & Peron, Juan Domingo, Tte. General","3508 Carcova",977,3898.13953836533,"Sábado"
448406,"1399 Moldes","3508 Carcova",2674,9573.70953713738,"Viernes"
448406,"F.J.Santamaria de Oro & Guatemala","3508 Carcova",962,3636.97413646926,"Viernes"
20794,"Machaca Guemes 350","Maza y don Bosco",2262,9168.73453917797,"Martes"
175559,"Pedro Echague 1878 & Combate De Los Pozos","Maza y don Bosco",1141,4422.16408888829,"Martes"
20794,"Estados Unidos 21","Maza y don Bosco",2320,6765.4070783303,"Sábado"
222056,"137 Aranguren, Juan F., Dr. & Portugal","Av. Rivadavia & Del Barco Centenera",626,1920.57813256203,"Jueves"
439012,"Delgado & Loreto, Virrey","Av. Rivadavia & Del Barco Centenera",2147,6783.10881660178,"Jueves"
20794,"441 Bulnes & Peron, Juan Domingo, Tte. General","Av. Rivadavia & Del Barco Centenera",1509,4281.69764163128,"Sábado"
121665,"Guatemala 4773","Av. Rivadavia & Del Barco Centenera",1587,5060.05727800463,"Domingo"
134787,"1355 San Martin Av.","Av. Rivadavia & Del Barco Centenera",597,2258.07252874171,"Miércoles"
26900,"ESMERALDA 516","Ayacucho &Peron, Juan Domingo, Tte. General",901,3296.48793895451,"Martes"
26900,"ESMERALDA 516","Ayacucho &Peron, Juan Domingo, Tte. General",733,2091.29087600126,"Martes"
26900,"3997 TTE. GENERAL JUAN DOMINGO PERON","Ayacucho &Peron, Juan Domingo, Tte. General",847,3361.58724590205,"Sábado"
26900,"3997 TTE. GENERAL JUAN DOMINGO PERON","Ayacucho &Peron, Juan Domingo, Tte. General",848,2392.30717505949,"Jueves"
26900,"3997 TTE. GENERAL JUAN DOMINGO PERON","Ayacucho &Peron, Juan Domingo, Tte. General",861,2823.20831181908,"Miércoles"
26900,"3997 TTE. GENERAL JUAN DOMINGO PERON","Ayacucho &Peron, Juan Domingo, Tte. General",1070,3805.05234991304,"Lunes"
26900,"3997 TTE. GENERAL JUAN DOMINGO PERON","Ayacucho &Peron, Juan Domingo, Tte. General",944,2841.30311410667,"Viernes"
26900,"3997 TTE. GENERAL JUAN DOMINGO PERON","Ayacucho &Peron, Juan Domingo, Tte. General",1125,3927.97484964831,"Miércoles"
526412,"Brasil & Pichincha","Ayacucho &Peron, Juan Domingo, Tte. General",2072,7019.27039128366,"Viernes"
26900,"441 Bulnes & Peron, Juan Domingo, Tte. General","Ayacucho &Peron, Juan Domingo, Tte. General",988,3856.65238494726,"Sábado"
26900,"441 Bulnes & Peron, Juan Domingo, Tte. General","Ayacucho &Peron, Juan Domingo, Tte. General",1179,4029.30467234692,"Lunes"
26900,"3912 Humahuaca","Ayacucho &Peron, Juan Domingo, Tte. General",882,3120.07237887592,"Viernes"
26900,"3912 Humahuaca","Ayacucho &Peron, Juan Domingo, Tte. General",867,3377.65701254442,"Lunes"
26900,"3912 Humahuaca","Ayacucho &Peron, Juan Domingo, Tte. General",929,2831.59708120673,"Viernes"
26900,"3912 Humahuaca","Ayacucho &Peron, Juan Domingo, Tte. General",987,3573.86702127696,"Lunes"
527469,"Armenia 1525 y Gorriti","Peru  1016",2377,9073.1056906464,"Viernes"
20794,"México & Lima","Peru  1016",645,2514.78270815763,"Martes"
531930,"3912 Humahuaca","Peru  1016",3621,11171.0744458212,"Domingo"
399896,"Sarandi 1010","Peru  1016",852,2972.28172098597,"Viernes"
399896,"Sarandi 1010","Peru  1016",702,2386.95857057464,"Miércoles"
399896,"Sarandi 1010","Peru  1016",823,3146.91969880821,"Sábado"
553999,"Sarandi 1010","Peru  1016",1397,4350.33625860977,"Domingo"
27895,"Santa Fe Av. & Bullrich, Int. Av.","Zapiola & Dorrego",800,2760.59564384114,"Miércoles"
448406,"Av Guzman 129 & Leiva","Zapiola & Dorrego",598,2346.13324422842,"Viernes"
577751,"Delgado & Loreto, Virrey","Zapiola & Dorrego",886,3571.62440836611,"Domingo"
121665,"Santa Fe Av. & Bullrich, Int. Av.","Fitz Roy & Gorriti",605,2487.5732201407,"Miércoles"
151241,"3997 TTE. GENERAL JUAN DOMINGO PERON","Fitz Roy & Gorriti",1234,3582.00721149721,"Viernes"
20217,"Godoy Cruz  3279 y Libertador","Fitz Roy & Gorriti",826,3039.85398232083,"Jueves"
459612,"Beruti & Ecuador","Tucuman & 9 De Julio Av.",2898,10577.8890547168,"Domingo"
303202,"Lavalle & Acuña De Figueroa, Francisco","Tucuman & 9 De Julio Av.",1687,5902.20099442942,"Sábado"
531930,"902 Esmeralda","Tucuman & 9 De Julio Av.",917,3264.74830309615,"Lunes"
459612,"Cevallos, Virrey& Yrigoyen, Hipolito Av.","Peña & Azcuenaga",1061,3002.95462499101,"Sábado"
459612,"Cevallos, Virrey& Yrigoyen, Hipolito Av.","Peña & Azcuenaga",792,2989.36599520966,"Domingo"
459612,"Cevallos, Virrey& Yrigoyen, Hipolito Av.","Peña & Azcuenaga",673,2235.37391944426,"Sábado"
459612,"Cevallos, Virrey& Yrigoyen, Hipolito Av.","Peña & Azcuenaga",707,2015.43249244666,"Martes"
459612,"Cevallos, Virrey& Yrigoyen, Hipolito Av.","Peña & Azcuenaga",751,2982.17584024662,"Lunes"
459612,"Cevallos, Virrey& Yrigoyen, Hipolito Av.","Peña & Azcuenaga",776,2966.20264872391,"Domingo"
459612,"Cevallos, Virrey& Yrigoyen, Hipolito Av.","Peña & Azcuenaga",782,2704.90714274347,"Sábado"
459612,"Cevallos, Virrey& Yrigoyen, Hipolito Av.","Peña & Azcuenaga",886,3279.29816773071,"Lunes"
459612,"Cevallos, Virrey& Yrigoyen, Hipolito Av.","Peña & Azcuenaga",805,3040.13554147807,"Domingo"
459612,"Cevallos, Virrey& Yrigoyen, Hipolito Av.","Peña & Azcuenaga",1116,3985.8360919985,"Miércoles"
459612,"Cevallos, Virrey& Yrigoyen, Hipolito Av.","Peña & Azcuenaga",968,3045.10922497656,"Lunes"
459612,"Cevallos, Virrey& Yrigoyen, Hipolito Av.","Peña & Azcuenaga",910,3283.28336298323,"Domingo"
459612,"Cevallos, Virrey& Yrigoyen, Hipolito Av.","Peña & Azcuenaga",1655,5132.33637216682,"Viernes"
81924,"Parana & Juncal","Juana De Ibarbourou & Av Patricias Argentinas",2029,6111.57728990171,"Domingo"
37446,"1413 Araoz & Gorriti CABA","3568 Estados Unidos & Boedo Av.",2606,9166.30412888286,"Sábado"
414238,"Lima 750","3568 Estados Unidos & Boedo Av.",833,2786.37454925435,"Jueves"
321372,"J.Ramirez de Velasco 285","3568 Estados Unidos & Boedo Av.",1782,6312.20724866143,"Viernes"
577751,"925 Yatay& Humahuaca","3568 Estados Unidos & Boedo Av.",1331,4499.39705664906,"Martes"
306242,"Juana De Ibarbourou & Av Patricias Argentinas","3568 Estados Unidos & Boedo Av.",1583,6017.35375555711,"Sábado"
414238,"3302 Guardia Vieja & Aguero","3568 Estados Unidos & Boedo Av.",1317,3886.49850485381,"Sábado"
359640,"Argerich & Flores, Venancio, Gral.","3568 Estados Unidos & Boedo Av.",2195,7569.05063076475,"Sábado"
46206,"Estados Unidos & Lima","Pellegrini Y Rivadavia Av.",367,1354.92803494627,"Miércoles"
474653,"Cevallos, Virrey& Yrigoyen, Hipolito Av.","Parana & Juncal",826,3408.80969077181,"Lunes"
81924,"2516 Pereyra Lucena","Parana & Juncal",875,2431.81099770785,"Domingo"
81924,"2080 Austria","Parana & Juncal",769,2889.59274251344,"Sábado"
81924,"Aguero & Mansilla, Lucio Norberto, General","Parana & Juncal",1636,4793.29582181785,"Lunes"
129898,"Beruti & Ecuador","2080 Austria",264,758.093059210417,"Jueves"
152624,"Godoy Cruz  3279 y Libertador","2080 Austria",1074,3370.70016113576,"Miércoles"
487396,"Salguero, Jeronimo & Mansilla, Lucio Norberto, General","2080 Austria",884,3440.09767632233,"Viernes"
152624,"Av. Del Libertador, 3260","2080 Austria",1093,3374.24823224396,"Sábado"
131825,"1590 Lavalle","Marcelo T. de Alvear & Rodriguez Peña",2667,8828.02403978421,"Sábado"
527469,"Saenz Peña 938, Roque, Pres. Diagonal Norte Av. & Suipacha","Marcelo T. de Alvear & Rodriguez Peña",646,2684.38124278716,"Sábado"
152624,"California y General Hornos","Marcelo T. de Alvear & Rodriguez Peña",1742,5785.46236036539,"Lunes"
123931,"Santa Fe Av. & Bullrich, Int. Av.","Marcelo T. de Alvear & Rodriguez Peña",2133,8714.28239447996,"Jueves"
487396,"1520 Billinghurst & Mansilla, Lucio Norberto, General","Marcelo T. de Alvear & Rodriguez Peña",744,2360.39920443048,"Lunes"
527469,"Av. Patricias Argentinas & Estivao","Marcelo T. de Alvear & Rodriguez Peña",1523,5297.43760153037,"Domingo"
487396,"Salguero, Jeronimo & Mansilla, Lucio Norberto, General","Marcelo T. de Alvear & Rodriguez Peña",838,2732.4227166679,"Lunes"
527469,"925 Yatay& Humahuaca","Marcelo T. de Alvear & Rodriguez Peña",1206,3683.99824167718,"Domingo"
531930,"Pellegrini Y Rivadavia Av.","Marcelo T. de Alvear & Rodriguez Peña",1208,3645.63504146257,"Domingo"
81924,"Aguero & Mansilla, Lucio Norberto, General","Marcelo T. de Alvear & Rodriguez Peña",835,2346.46184255447,"Jueves"
81924,"Aguero & Mansilla, Lucio Norberto, General","Marcelo T. de Alvear & Rodriguez Peña",668,2600.95861848806,"Jueves"
81924,"Aguero & Mansilla, Lucio Norberto, General","Marcelo T. de Alvear & Rodriguez Peña",650,2653.80002338336,"Jueves"
81924,"Aguero & Mansilla, Lucio Norberto, General","Marcelo T. de Alvear & Rodriguez Peña",632,1951.04841777486,"Jueves"
81924,"Aguero & Mansilla, Lucio Norberto, General","Marcelo T. de Alvear & Rodriguez Peña",783,2399.96049994952,"Jueves"
550815,"441 Bulnes & Peron, Juan Domingo, Tte. General","Marcelo T. de Alvear & Rodriguez Peña",1743,5356.28009674159,"Jueves"
275957,"Cochabamba 1755","Marcelo T. de Alvear & Rodriguez Peña",991,3431.33663925271,"Viernes"
229813,"519 Pasteur","519 Pasteur",16752,52595.6970799404,"Viernes"
577751,"925 Yatay& Humahuaca","519 Pasteur",1532,5786.54268047928,"Jueves"
577751,"925 Yatay& Humahuaca","519 Pasteur",1306,5098.25498884958,"Jueves"
577751,"3912 Humahuaca","519 Pasteur",810,3273.16093939589,"Jueves"
325587,"Guatemala 4773","519 Pasteur",1374,5282.42862460514,"Domingo"
440922,"1355 San Martin Av.","519 Pasteur",1919,7608.5927950739,"Viernes"
440922,"1355 San Martin Av.","519 Pasteur",1488,5563.76455387411,"Jueves"
440922,"1355 San Martin Av.","519 Pasteur",1643,6246.86625226394,"Jueves"
440922,"1355 San Martin Av.","519 Pasteur",1797,5230.44104893149,"Sábado"
440922,"1355 San Martin Av.","519 Pasteur",1977,7258.5084371259,"Martes"
440922,"1355 San Martin Av.","519 Pasteur",1379,4872.11525710785,"Jueves"
129898,"Av. Pres. Figueroa Alcorta 2120","Armenia 2315 & Charcas",2223,8603.39627070352,"Martes"
90162,"Godoy Cruz  3279 y Libertador","Costa Rica & Armenia",1296,4825.4178348463,"Domingo"
90162,"Godoy Cruz  3279 y Libertador","Costa Rica & Armenia",1922,7150.13525858651,"Domingo"
577751,"925 Yatay& Humahuaca","Costa Rica & Armenia",1040,4144.91867832839,"Martes"
115461,"780 Malabia & Loyola","Costa Rica & Armenia",454,1403.63996394186,"Jueves"
573087,"Triunvirato Av. & Roosevelt Franklin D. Av.","Costa Rica & Armenia",2166,8911.5508797074,"Miércoles"
144451,"Costa Rica & Armenia","Costa Rica & Armenia",364,1119.16103127231,"Domingo"
132666,"Ayacucho &Peron, Juan Domingo, Tte. General","708 Pasco & Chile",565,2061.44128380563,"Lunes"
399896,"Calle Perú, 718","708 Pasco & Chile",887,3623.0018793767,"Lunes"
359640,"Calle Perú, 718","708 Pasco & Chile",971,3627.475000926,"Martes"
90162,"1019 Riglos","708 Pasco & Chile",1488,4449.52356902262,"Domingo"
253726,"Armenia 2315 & Charcas","Av. Del Libertador, 3260",2230,8545.56182262604,"Viernes"
488208,"Av. Del Libertador, 3260","Av. Del Libertador, 3260",7896,26158.2425174924,"Jueves"
153381,"Marcelo T. de Alvear & Rodriguez Peña","Av. Del Libertador, 3260",3745,14628.050414585,"Sábado"
227233,"Costa Rica & Armenia","Av. Del Libertador, 3260",2232,9220.12144348118,"Sábado"
577751,"Beruti & Ecuador","925 Yatay& Humahuaca",1144,3608.77110829266,"Miércoles"
26900,"Ayacucho &Peron, Juan Domingo, Tte. General","925 Yatay& Humahuaca",1577,5879.14725433155,"Lunes"
577751,"Acevedo 220 y padilla","925 Yatay& Humahuaca",1870,6746.36706999607,"Martes"
577751,"Fitz Roy & Gorriti","925 Yatay& Humahuaca",1425,4769.76993927868,"Domingo"
577751,"519 Pasteur","925 Yatay& Humahuaca",1367,3927.77841297179,"Jueves"
577751,"1413 Araoz & Gorriti CABA","925 Yatay& Humahuaca",605,1751.30638973496,"Martes"
577751,"Av. Sarmiento 2601","925 Yatay& Humahuaca",1503,4322.59695401008,"Lunes"
577751,"925 Yatay& Humahuaca","925 Yatay& Humahuaca",1833,5428.09527611923,"Viernes"
577751,"925 Yatay& Humahuaca","925 Yatay& Humahuaca",1776,6867.35679673341,"Miércoles"
577751,"Av Guzman 129 & Leiva","925 Yatay& Humahuaca",877,3430.68701390358,"Domingo"
577751,"Av Guzman 129 & Leiva","925 Yatay& Humahuaca",1072,4012.84375473753,"Lunes"
577751,"Fitz Roy  1092 & Loyola","925 Yatay& Humahuaca",876,3550.65814933817,"Martes"
577751,"3568 Estados Unidos & Boedo Av.","925 Yatay& Humahuaca",1970,7931.25537078918,"Martes"
577751,"Virasoro, Valentin & Figueroa, D Apolinario, Coronel","925 Yatay& Humahuaca",2396,9730.22491138739,"Martes"
577751,"Virasoro, Valentin & Figueroa, D Apolinario, Coronel","925 Yatay& Humahuaca",1366,4001.65165431422,"Lunes"
577751,"1078 Gurruchaga","925 Yatay& Humahuaca",511,1509.52650296127,"Domingo"
577751,"1078 Gurruchaga","925 Yatay& Humahuaca",663,2295.58356964456,"Sábado"
31552,"2908 Salcedo & Dean Funes","925 Yatay& Humahuaca",1689,5728.83429906991,"Lunes"
577751,"1355 San Martin Av.","925 Yatay& Humahuaca",1708,6806.5657789004,"Jueves"
20794,"Av. Rivadavia & Del Barco Centenera","Machaca Guemes 350",3267,11301.0938336112,"Martes"
20794,"Moreno & Av Paseo Colon","Machaca Guemes 350",341,1035.19541154221,"Viernes"
20794,"Moreno & Av Paseo Colon","Machaca Guemes 350",309,1265.88295151111,"Jueves"
20794,"Moreno & Av Paseo Colon","Machaca Guemes 350",421,1190.66821831576,"Martes"
153381,"902 Esmeralda","Machaca Guemes 350",1066,3402.35614447027,"Domingo"
153381,"902 Esmeralda","Machaca Guemes 350",1286,3646.97309172738,"Domingo"
20794,"Villaflor, Azucena & Dealessi, Pierina","Machaca Guemes 350",308,931.44368259883,"Lunes"
20794,"Villaflor, Azucena & Dealessi, Pierina","Machaca Guemes 350",244,793.175784098761,"Viernes"
20794,"Villaflor, Azucena & Dealessi, Pierina","Machaca Guemes 350",264,1096.81790396571,"Martes"
20794,"Villaflor, Azucena & Dealessi, Pierina","Machaca Guemes 350",276,1105.94077419179,"Lunes"
20794,"Villaflor, Azucena & Dealessi, Pierina","Machaca Guemes 350",342,1333.38243818143,"Miércoles"
531930,"AZOPARDO 700","Machaca Guemes 350",2039,6801.84031685931,"Domingo"
478928,"Villaflor, Azucena & Paine, Aime","Machaca Guemes 350",5822,18007.1322084909,"Martes"
20794,"Av. España 2200","Machaca Guemes 350",446,1582.81228747284,"Viernes"
20794,"67 San Martin","Machaca Guemes 350",304,1229.25264741191,"Lunes"
20794,"67 San Martin","Machaca Guemes 350",403,1371.38702653691,"Martes"
20794,"67 San Martin","Machaca Guemes 350",309,938.604527369413,"Lunes"
304004,"Delgado & Loreto, Virrey","o´higins 1327",918,3286.86880100286,"Viernes"
293093,"3082 Cabello","o´higins 1327",1608,4530.59208897563,"Domingo"
115461,"J.Ramirez de Velasco 285","4300 Yrigoyen, Hipolito Av.",932,3825.5496021981,"Jueves"
253307,"4300 Yrigoyen, Hipolito Av.","4300 Yrigoyen, Hipolito Av.",1708,4989.88651869198,"Martes"
353770,"Olleros Av. & Del Libertador Av.","2001 Donado",1899,5612.51835546573,"Lunes"
487396,"Cordoba 6599","2001 Donado",1035,3826.43562878366,"Sábado"
395665,"2001 Donado","2001 Donado",283,1033.74228039336,"Viernes"
482081,"2001 Donado","2001 Donado",3065,8915.52152481098,"Jueves"
81924,"2516 Pereyra Lucena","Cerrito & Arenales",1536,4279.75560923417,"Sábado"
511990,"Cevallos, Virrey& Yrigoyen, Hipolito Av.","3024 Calvo, Carlos",1090,3809.242944107,"Lunes"
321372,"J.Ramirez de Velasco 285","3024 Calvo, Carlos",1628,6689.76171358049,"Viernes"
321372,"J.Ramirez de Velasco 285","3024 Calvo, Carlos",1536,5456.50591204564,"Miércoles"
321372,"J.Ramirez de Velasco 285","3024 Calvo, Carlos",1656,6574.81341192033,"Jueves"
321372,"J.Ramirez de Velasco 285","3024 Calvo, Carlos",1567,5301.05247266507,"Lunes"
399896,"1019 Saavedra","3024 Calvo, Carlos",277,769.665480017041,"Viernes"
399896,"1019 Saavedra","3024 Calvo, Carlos",557,2317.6405316707,"Jueves"
499013,"3302 Guardia Vieja & Aguero","J.Ramirez de Velasco 285",796,2448.64391421563,"Sábado"
321372,"3024 Calvo, Carlos","J.Ramirez de Velasco 285",1515,5927.01302739927,"Lunes"
321372,"2908 Salcedo & Dean Funes","J.Ramirez de Velasco 285",2025,6090.06135055097,"Miércoles"
26900,"Ayacucho &Peron, Juan Domingo, Tte. General","3997 TTE. GENERAL JUAN DOMINGO PERON",949,3514.46981408711,"Jueves"
26900,"Ayacucho &Peron, Juan Domingo, Tte. General","3997 TTE. GENERAL JUAN DOMINGO PERON",962,3808.88116748344,"Martes"
26900,"Ayacucho &Peron, Juan Domingo, Tte. General","3997 TTE. GENERAL JUAN DOMINGO PERON",891,3682.04768765427,"Lunes"
26900,"Ayacucho &Peron, Juan Domingo, Tte. General","3997 TTE. GENERAL JUAN DOMINGO PERON",794,2531.60899103063,"Viernes"
26900,"Ayacucho &Peron, Juan Domingo, Tte. General","3997 TTE. GENERAL JUAN DOMINGO PERON",969,3396.05359644823,"Martes"
26900,"Ayacucho &Peron, Juan Domingo, Tte. General","3997 TTE. GENERAL JUAN DOMINGO PERON",732,2868.81461901745,"Lunes"
26900,"Acevedo 220 y padilla","3997 TTE. GENERAL JUAN DOMINGO PERON",1152,3345.50167135894,"Miércoles"
26900,"Uriburu Jose E., Pres. & Paraguay","3997 TTE. GENERAL JUAN DOMINGO PERON",843,2506.95047077703,"Miércoles"
151241,"3912 Humahuaca","3997 TTE. GENERAL JUAN DOMINGO PERON",10777,38227.3554703353,"Lunes"
26900,"Ayacucho 595","3997 TTE. GENERAL JUAN DOMINGO PERON",984,3954.58654361622,"Lunes"
26900,"1355 San Martin Av.","3997 TTE. GENERAL JUAN DOMINGO PERON",1060,3197.11536549342,"Lunes"
440910,"Santa Fe Av. & Bullrich, Int. Av.","3051 San Martin De Tours",947,2778.98619151027,"Jueves"
153381,"Armenia 1525 y Gorriti","3051 San Martin De Tours",1627,5060.92992720595,"Domingo"
456267,"2300 Diaz, Cnel. Av. & French","3051 San Martin De Tours",398,1461.03506947014,"Viernes"
456267,"Av. Pres. Figueroa Alcorta 2120","3051 San Martin De Tours",405,1383.33144021453,"Miércoles"
456267,"Av. Pres. Figueroa Alcorta 2120","3051 San Martin De Tours",440,1761.40090093637,"Martes"
456267,"Av. Pres. Figueroa Alcorta 2120","3051 San Martin De Tours",510,1806.74273562424,"Viernes"
456267,"Av. Pres. Figueroa Alcorta 2120","3051 San Martin De Tours",436,1475.81703937483,"Miércoles"
456267,"Av. Pres. Figueroa Alcorta 2120","3051 San Martin De Tours",342,1351.73421773943,"Viernes"
456267,"Av. Pres. Figueroa Alcorta 2120","3051 San Martin De Tours",478,1612.4520901707,"Lunes"
456267,"Av. Pres. Figueroa Alcorta 2120","3051 San Martin De Tours",574,2145.20427410737,"Jueves"
456267,"2133 Figueroa Alcorta","3051 San Martin De Tours",744,2809.0007950319,"Miércoles"
456267,"2133 Figueroa Alcorta","3051 San Martin De Tours",574,1869.9614570198,"Jueves"
456267,"2133 Figueroa Alcorta","3051 San Martin De Tours",465,1793.90226515534,"Sábado"
435160,"Acevedo 220 y padilla","Figueroa Alcorta & Sarmiento",2331,8720.63847440877,"Domingo"
504761,"1520 Billinghurst & Mansilla, Lucio Norberto, General","Figueroa Alcorta & Sarmiento",5584,22838.0448353115,"Lunes"
81924,"2000 Vicente Lopez","Figueroa Alcorta & Sarmiento",1303,5292.8821386653,"Lunes"
131825,"3508 Carcova","Figueroa Alcorta & Sarmiento",1328,4989.47687014523,"Miércoles"
440910,"2939 Cavia","Figueroa Alcorta & Sarmiento",5577,18491.3816951458,"Domingo"
81924,"Parana & Juncal","Figueroa Alcorta & Sarmiento",1406,4377.74156057146,"Martes"
310471,"Figueroa Alcorta & Sarmiento","Figueroa Alcorta & Sarmiento",3328,13154.1212248305,"Domingo"
293093,"Av. Pres. Figueroa Alcorta 2120","Figueroa Alcorta & Sarmiento",1011,2990.42053808613,"Miércoles"
406542,"Av. Pres. Figueroa Alcorta 2120","Figueroa Alcorta & Sarmiento",1341,4488.67803358007,"Lunes"
81924,"Riobamba 1264 & Juncal","Figueroa Alcorta & Sarmiento",1420,4807.40152693923,"Viernes"
81924,"Marcelo T. de Alvear & Rodriguez Peña","Figueroa Alcorta & Sarmiento",1562,5171.0089787401,"Martes"
39829,"1590 Lavalle","1590 Lavalle",2064,7928.48458418933,"Lunes"
459612,"Cevallos, Virrey& Yrigoyen, Hipolito Av.","1590 Lavalle",374,1120.20575999567,"Sábado"
297188,"Maza y don Bosco","1590 Lavalle",1093,3527.86924846813,"Domingo"
566477,"803 José Marmol","1590 Lavalle",7037,21659.3232912551,"Miércoles"
531930,"Lavalle & Acuña De Figueroa, Francisco","1590 Lavalle",2070,7856.66659931303,"Sábado"
81924,"Riobamba 1264 & Juncal","1590 Lavalle",376,1166.09314814883,"Jueves"
81924,"1520 Billinghurst & Mansilla, Lucio Norberto, General","2516 Pereyra Lucena",1027,3612.90239401925,"Viernes"
173380,"2516 Pereyra Lucena","2516 Pereyra Lucena",3162,10650.7142725711,"Jueves"
90162,"Uriburu Jose E., Pres. & Paraguay","2516 Pereyra Lucena",1015,2924.27763663808,"Lunes"
173380,"Av. Del Libertador, 3260","2516 Pereyra Lucena",1108,4002.1226354603,"Miércoles"
337125,"Aguero & Mansilla, Lucio Norberto, General","2516 Pereyra Lucena",2363,8654.89290571228,"Lunes"
81924,"Riobamba 1264 & Juncal","2516 Pereyra Lucena",630,2210.53771936568,"Domingo"
440910,"3051 San Martin De Tours","2516 Pereyra Lucena",313,1066.99025727576,"Sábado"
90162,"Armenia 1525 y Gorriti","Uriburu Jose E., Pres. & Paraguay",1266,5160.2851237345,"Domingo"
90162,"2300 Diaz, Cnel. Av. & French","Uriburu Jose E., Pres. & Paraguay",628,2473.33622062061,"Domingo"
322742,"Guemes 3330 & Coronel Diaz","Av. Gaona 2200",1580,6358.47059139956,"Miércoles"
170766,"Av. Gaona 2200","Av. Gaona 2200",922,2848.48729507713,"Viernes"
345911,"Av. Gaona 2200","Av. Gaona 2200",1622,6727.62767337651,"Domingo"
20794,"Guayaquil & Doblas","Av. Gaona 2200",1121,3532.79656146284,"Domingo"
20794,"Av. Rivadavia & Del Barco Centenera","Av. Gaona 2200",2190,7669.46822612469,"Miércoles"
322742,"Av. Pres. Figueroa Alcorta 2120","Av. Gaona 2200",2446,8365.64368404733,"Lunes"
37446,"Urquiza, Gral. & Rondeau","Av. Gaona 2200",5098,17294.7231890103,"Domingo"
297188,"Argerich & Flores, Venancio, Gral.","Av. Gaona 2200",1072,3980.17251271134,"Miércoles"
170766,"Av. Gaona 2200","Yerbal 1290",493,1591.013555555,"Viernes"
175082,"Beruti & Ecuador","Guemes 3330 & Coronel Diaz",317,968.994356798875,"Jueves"
153381,"Zapiola & Dorrego","Guemes 3330 & Coronel Diaz",2368,9382.05285707696,"Sábado"
232709,"1019 Saavedra","Regimiento De Patricios Av. & Araoz De Lamadrid, Gregorio, Gral.",1959,6179.84156974902,"Lunes"
275957,"Cochabamba 1755","Regimiento De Patricios Av. & Araoz De Lamadrid, Gregorio, Gral.",1165,4438.54115681703,"Miércoles"
123931,"1785 Espinosa","Saavedra & Mexico",2535,10400.7670538655,"Lunes"
275957,"Cochabamba 1755","Saavedra & Mexico",692,2432.10786771572,"Miércoles"
275957,"Cochabamba 1755","Saavedra & Mexico",659,2371.72438917397,"Sábado"
410951,"Suipacha & Viamonte, 709","238 Pichincha",851,2816.84590776567,"Domingo"
554661,"238 Pichincha","238 Pichincha",1709,6229.90243300317,"Jueves"
343667,"441 Bulnes & Peron, Juan Domingo, Tte. General","238 Pichincha",632,1850.30894367438,"Sábado"
132666,"Bartolome Mitre & Av. Puyrredon","238 Pichincha",514,1778.31197010948,"Domingo"
132666,"Ayacucho 595","238 Pichincha",478,1753.63894863145,"Miércoles"
440922,"1355 San Martin Av.","238 Pichincha",1885,6129.75202638255,"Miércoles"
520871,"1798 Matienzo, Benjamin, Teniente","1798 Matienzo, Benjamin, Teniente",3914,15671.1399170046,"Lunes"
374441,"Olleros Av. & Del Libertador Av.","1798 Matienzo, Benjamin, Teniente",407,1560.60921278679,"Miércoles"
374441,"Av. Sarmiento 2601","1798 Matienzo, Benjamin, Teniente",998,2960.3543695237,"Viernes"
374441,"Av. Sarmiento 2601","1798 Matienzo, Benjamin, Teniente",743,2844.8676956077,"Jueves"
374441,"Vuelta de Obligado 2004","1798 Matienzo, Benjamin, Teniente",901,3283.49120868208,"Lunes"
374441,"Amenabar y Mendoza","1798 Matienzo, Benjamin, Teniente",1126,4404.317646473,"Lunes"
81924,"1798 Matienzo, Benjamin, Teniente","2000 Vicente Lopez",1610,5849.53409871539,"Lunes"
297188,"Santa Fe Av. & Bullrich, Int. Av.","2000 Vicente Lopez",1741,5919.98709788313,"Miércoles"
81924,"2939 Cavia","2000 Vicente Lopez",920,3674.09521407293,"Martes"
81924,"Av. Del Libertador, 3260","2000 Vicente Lopez",1467,5744.65657822439,"Miércoles"
459612,"3050 Ugarteche","2000 Vicente Lopez",996,3718.25868775292,"Lunes"
81924,"Figueroa Alcorta & Sarmiento","2000 Vicente Lopez",1440,5315.13627199456,"Jueves"
297188,"Santa Fe Av. & Dorrego","2000 Vicente Lopez",2230,6954.68057812023,"Lunes"
297188,"Santa Fe Av. & Dorrego","2000 Vicente Lopez",1536,6245.4476505518,"Lunes"
527469,"Fitz Roy & Gorriti","1078 Gurruchaga",562,1862.47452479632,"Viernes"
577751,"925 Yatay& Humahuaca","1078 Gurruchaga",542,1799.82093924061,"Miércoles"
577751,"925 Yatay& Humahuaca","1078 Gurruchaga",699,2748.04822595033,"Sábado"
577751,"925 Yatay& Humahuaca","1078 Gurruchaga",509,1978.83447582135,"Domingo"
577751,"925 Yatay& Humahuaca","1078 Gurruchaga",501,1810.30569316936,"Martes"
577751,"925 Yatay& Humahuaca","1078 Gurruchaga",663,2592.39429894757,"Sábado"
216454,"1078 Gurruchaga","1078 Gurruchaga",444,1690.59255140213,"Domingo"
582283,"2185 Ravignani, Emilio, Dr. & Guatemala","Sucre, Antonio Jose De, Mcal. Y Vertiz Virrey Av.",1342,3755.25629886995,"Jueves"
582283,"2185 Ravignani, Emilio, Dr. & Guatemala","Sucre, Antonio Jose De, Mcal. Y Vertiz Virrey Av.",1175,3856.78443484519,"Martes"
582283,"2185 Ravignani, Emilio, Dr. & Guatemala","Sucre, Antonio Jose De, Mcal. Y Vertiz Virrey Av.",1240,4543.04169954008,"Martes"
585710,"Olleros Av. & Del Libertador Av.","Sucre, Antonio Jose De, Mcal. Y Vertiz Virrey Av.",524,2049.55576706626,"Jueves"
406542,"Santa Fe Av. & Bullrich, Int. Av.","Sucre, Antonio Jose De, Mcal. Y Vertiz Virrey Av.",1534,4657.74907771718,"Martes"
28237,"2000 Vicente Lopez","Sucre, Antonio Jose De, Mcal. Y Vertiz Virrey Av.",2036,6113.88905082778,"Viernes"
582283,"Maure 1819","Sucre, Antonio Jose De, Mcal. Y Vertiz Virrey Av.",727,2997.93813635608,"Martes"
256655,"Maure 1819","Sucre, Antonio Jose De, Mcal. Y Vertiz Virrey Av.",688,2272.86339997728,"Viernes"
431299,"Maure 1819","Sucre, Antonio Jose De, Mcal. Y Vertiz Virrey Av.",633,2128.56279932797,"Martes"
582283,"2700 Pedraza, Manuela","Sucre, Antonio Jose De, Mcal. Y Vertiz Virrey Av.",1109,3659.48519710833,"Jueves"
582283,"2700 Pedraza, Manuela","Sucre, Antonio Jose De, Mcal. Y Vertiz Virrey Av.",1142,3620.49633618638,"Jueves"
582283,"2700 Pedraza, Manuela","Sucre, Antonio Jose De, Mcal. Y Vertiz Virrey Av.",1292,4184.01920331849,"Viernes"
260697,"Delgado & Loreto, Virrey","Sucre, Antonio Jose De, Mcal. Y Vertiz Virrey Av.",754,3045.53838839056,"Sábado"
153381,"Av. Del Libertador, 3260","Sucre, Antonio Jose De, Mcal. Y Vertiz Virrey Av.",2294,8741.04123908845,"Sábado"
575387,"3050 Ugarteche","Sucre, Antonio Jose De, Mcal. Y Vertiz Virrey Av.",3177,10394.9889370881,"Domingo"
39829,"3082 Cabello","Sucre, Antonio Jose De, Mcal. Y Vertiz Virrey Av.",2002,8073.10026495963,"Sábado"
7733,"Zapiola & Dorrego","Sucre, Antonio Jose De, Mcal. Y Vertiz Virrey Av.",1237,3999.01969958317,"Jueves"
582283,"Santa Fe Av. & Dorrego","Sucre, Antonio Jose De, Mcal. Y Vertiz Virrey Av.",887,2472.76428523926,"Martes"
582283,"Santa Fe Av. & Dorrego","Sucre, Antonio Jose De, Mcal. Y Vertiz Virrey Av.",1179,4326.13044137834,"Miércoles"
431299,"1350 Posadas","Sucre, Antonio Jose De, Mcal. Y Vertiz Virrey Av.",2455,7529.46415590446,"Viernes"
153381,"3051 San Martin De Tours","Sucre, Antonio Jose De, Mcal. Y Vertiz Virrey Av.",2424,7279.95379891557,"Domingo"
20794,"Guayaquil & Doblas","2502 Galicia",1620,5255.3403476486,"Jueves"
20794,"Av. Rivadavia & Del Barco Centenera","2502 Galicia",1028,4076.62067064472,"Sábado"
131825,"3302 Guardia Vieja & Aguero","561 Uruguay & Av. Tucuman",790,3128.91257979532,"Sábado"
131825,"3302 Guardia Vieja & Aguero","561 Uruguay & Av. Tucuman",952,3932.88874941257,"Jueves"
131825,"3302 Guardia Vieja & Aguero","561 Uruguay & Av. Tucuman",855,2526.67307699448,"Viernes"
122229,"Ayacucho 595","561 Uruguay & Av. Tucuman",407,1558.74812215043,"Miércoles"
122229,"Ayacucho 595","561 Uruguay & Av. Tucuman",387,1576.30763333873,"Lunes"
122229,"Ayacucho 595","561 Uruguay & Av. Tucuman",397,1138.01406248951,"Viernes"
122229,"Ayacucho 595","561 Uruguay & Av. Tucuman",388,1459.02428646805,"Miércoles"
122229,"Ayacucho 595","561 Uruguay & Av. Tucuman",357,1131.51347963527,"Viernes"
122229,"Ayacucho 595","561 Uruguay & Av. Tucuman",278,1051.08603027378,"Jueves"
122229,"Ayacucho 595","561 Uruguay & Av. Tucuman",325,1289.25462517752,"Viernes"
586269,"1226 Ecuador & Mansilla, Lucio Norberto, General","Suipacha & Viamonte, 709",1877,5534.62462203105,"Jueves"
232694,"1350 Posadas","Suipacha & Viamonte, 709",1251,3504.71380397794,"Viernes"
577751,"Acevedo 220 y padilla","Acevedo 220 y padilla",338,1364.95102893483,"Martes"
26900,"3997 TTE. GENERAL JUAN DOMINGO PERON","Acevedo 220 y padilla",665,2528.77589536527,"Sábado"
448406,"925 Yatay& Humahuaca","Acevedo 220 y padilla",641,2654.74213043215,"Viernes"
92026,"Triunvirato Av. & Tronador","Acevedo 220 y padilla",1326,3846.68773656401,"Jueves"
26900,"Juana De Ibarbourou & Av Patricias Argentinas","Acevedo 220 y padilla",366,1370.10816442586,"Miércoles"
448406,"Lavalle & Acuña De Figueroa, Francisco","Acevedo 220 y padilla",648,2055.74314822443,"Lunes"
26900,"441 Bulnes & Peron, Juan Domingo, Tte. General","Acevedo 220 y padilla",911,2740.18298085462,"Martes"
589329,"1471 Cucha Cucha","Acevedo 220 y padilla",715,2158.35395849717,"Martes"
589329,"1471 Cucha Cucha","Acevedo 220 y padilla",565,1781.53135487325,"Sábado"
28237,"Vuelta de Obligado 2004","Acevedo 220 y padilla",2018,5774.32562489606,"Sábado"
459612,"2000 Vicente Lopez","3822 Guemes",1701,6896.10523552692,"Martes"
81924,"2939 Cavia","3822 Guemes",669,2546.92756658478,"Viernes"
487396,"3822 Guemes","3822 Guemes",1573,4484.16572686013,"Domingo"
552286,"Figueroa Alcorta, Pres. Av. & Dorrego Av.","3822 Guemes",1312,3756.51423173646,"Jueves"
81924,"Riobamba 1264 & Juncal","3822 Guemes",999,3574.0502536908,"Lunes"
81924,"Riobamba 1264 & Juncal","3822 Guemes",1067,3726.77002060971,"Miércoles"
406542,"Sucre, Antonio Jose De, Mcal. Y Vertiz Virrey Av.","3822 Guemes",1905,7717.60106096432,"Martes"
406542,"Beruti & Ecuador","Santa Fe Av. & Bullrich, Int. Av.",2387,9268.25597416642,"Martes"
365573,"1590 Lavalle","Santa Fe Av. & Bullrich, Int. Av.",2085,6386.73035753406,"Martes"
123931,"Calcena & Avellaneda Av.","Santa Fe Av. & Bullrich, Int. Av.",1582,4799.75539759552,"Miércoles"
2719,"Cerrito 990 y Av. Marcelo T. De Alvear","Santa Fe Av. & Bullrich, Int. Av.",1386,5540.90874849935,"Miércoles"
123931,"Acevedo 220 y padilla","Santa Fe Av. & Bullrich, Int. Av.",2584,7264.65153326798,"Martes"
123931,"Acevedo 220 y padilla","Santa Fe Av. & Bullrich, Int. Av.",2752,10026.4515651597,"Viernes"
123931,"Acevedo 220 y padilla","Santa Fe Av. & Bullrich, Int. Av.",2759,9307.22574949581,"Miércoles"
253726,"Armenia 2315 & Charcas","Santa Fe Av. & Bullrich, Int. Av.",2985,11775.8897647242,"Martes"
82247,"1520 Billinghurst & Mansilla, Lucio Norberto, General","Santa Fe Av. & Bullrich, Int. Av.",1054,3727.14260360873,"Sábado"
15575,"Godoy Cruz  3279 y Libertador","Santa Fe Av. & Bullrich, Int. Av.",2700,9939.40171989379,"Sábado"
123931,"3084 Agrelo","Santa Fe Av. & Bullrich, Int. Av.",2493,7342.71157281182,"Lunes"
459612,"2000 Vicente Lopez","Santa Fe Av. & Bullrich, Int. Av.",1450,4829.45693888016,"Miércoles"
440910,"2939 Cavia","Santa Fe Av. & Bullrich, Int. Av.",570,2245.90665641396,"Lunes"
440910,"2939 Cavia","Santa Fe Av. & Bullrich, Int. Av.",560,1856.99054081407,"Miércoles"
123931,"Parana & Juncal","Santa Fe Av. & Bullrich, Int. Av.",1342,5273.19433234128,"Jueves"
198972,"Figueroa Alcorta, Pres. Av. & Dorrego Av.","Santa Fe Av. & Bullrich, Int. Av.",541,1746.62854543777,"Lunes"
583676,"Figueroa Alcorta & Sarmiento","Santa Fe Av. & Bullrich, Int. Av.",7574,21726.7330154233,"Domingo"
435160,"780 Malabia & Loyola","Santa Fe Av. & Bullrich, Int. Av.",1248,3470.8411042889,"Lunes"
435160,"780 Malabia & Loyola","Santa Fe Av. & Bullrich, Int. Av.",741,2212.68272104984,"Miércoles"
21870,"Santa Fe Av. & Dorrego","Santa Fe Av. & Bullrich, Int. Av.",12454,40669.9526498256,"Jueves"
123931,"3024 Calvo, Carlos","Santa Fe Av. & Bullrich, Int. Av.",2268,9002.12867881637,"Lunes"
123931,"3024 Calvo, Carlos","Santa Fe Av. & Bullrich, Int. Av.",2463,7847.99149582201,"Jueves"
123931,"3024 Calvo, Carlos","Santa Fe Av. & Bullrich, Int. Av.",2774,11114.8784548187,"Jueves"
123931,"3024 Calvo, Carlos","Santa Fe Av. & Bullrich, Int. Av.",3568,12250.4360609947,"Miércoles"
589329,"o´higins 1327","Santa Fe Av. & Bullrich, Int. Av.",1850,6383.56459967326,"Jueves"
153381,"Sucre, Antonio Jose De, Mcal. Y Vertiz Virrey Av.","Santa Fe Av. & Bullrich, Int. Av.",2325,9048.44349344785,"Sábado"
15575,"Guemes 3330 & Coronel Diaz","F.J.Santamaria de Oro & Guatemala",1581,5082.42534957923,"Sábado"
15575,"2185 Ravignani, Emilio, Dr. & Guatemala","F.J.Santamaria de Oro & Guatemala",539,1922.92390774657,"Domingo"
589329,"Santa Fe Av. & Bullrich, Int. Av.","F.J.Santamaria de Oro & Guatemala",1780,6705.01973046016,"Jueves"
15575,"F.J.Santamaria de Oro & Guatemala","F.J.Santamaria de Oro & Guatemala",4708,13257.229440583,"Domingo"
92026,"Santa Fe Av. & Bullrich, Int. Av.","Santa Fe Av. & Dorrego",832,2949.578137613,"Viernes"
297188,"2000 Vicente Lopez","Santa Fe Av. & Dorrego",2076,6979.19111753969,"Miércoles"
21165,"2700 Pedraza, Manuela","Santa Fe Av. & Dorrego",1626,4632.76308467418,"Jueves"
86630,"Vuelta de Obligado 2004","Santa Fe Av. & Dorrego",929,2958.05541251741,"Martes"
589329,"o´higins 1327","Santa Fe Av. & Dorrego",1174,4175.81470219108,"Sábado"
388425,"Amenabar y Mendoza","Santa Fe Av. & Dorrego",1042,3229.77312459779,"Martes"
123141,"Fitz Roy & Gorriti","Av. Sarmiento 2601",838,2526.05404611677,"Martes"
365573,"Av. Sarmiento 2601","Av. Sarmiento 2601",2126,7797.79418783146,"Miércoles"
222056,"394 Rawson & Potosi","Av. Sarmiento 2601",1538,6372.86603973415,"Miércoles"
40938,"Bartolome Mitre & Av. Puyrredon","Av. Sarmiento 2601",1670,4782.73109013551,"Domingo"
357651,"Avenida Rivadavia y Fray Cayetano","Guayaquil & Doblas",1362,5302.60252940352,"Sábado"
275957,"Quintino Bocayuva y Don Bosco","Guayaquil & Doblas",2506,9844.26806470017,"Viernes"
20794,"2502 Galicia","Guayaquil & Doblas",1608,6234.45779007549,"Lunes"
20794,"Zapiola & Dorrego","Guayaquil & Doblas",2034,6137.0553779474,"Lunes"
46206,"Estados Unidos & Lima","Estados Unidos & Lima",2026,7841.87808615,"Viernes"
46206,"Estados Unidos & Lima","Estados Unidos & Lima",3491,10682.1467304344,"Lunes"
499328,"Machaca Guemes 350","Estados Unidos & Lima",1182,4666.33701246271,"Domingo"
46206,"Lima 750","Estados Unidos & Lima",1978,5761.54156341864,"Lunes"
46206,"Bernardo Irigoyen 320","Estados Unidos & Lima",1242,4868.58823866933,"Viernes"
46206,"Pellegrini Y Rivadavia Av.","Estados Unidos & Lima",625,2457.71787902211,"Miércoles"
499328,"Estados Unidos 21","Estados Unidos & Lima",3405,9577.74217631959,"Martes"
547410,"Sucre, Antonio Jose De, Mcal. Y Vertiz Virrey Av.","Estados Unidos & Lima",2908,11618.1708872706,"Sábado"
46206,"Idependencia y Bernardo de Irigoyen","Estados Unidos & Lima",1922,7550.74273921653,"Miércoles"
482081,"2292 Montañeses","Delgado & Loreto, Virrey",1628,5397.41717052336,"Viernes"
260697,"Mexico 1652","Delgado & Loreto, Virrey",2478,9140.39534329592,"Miércoles"
260697,"Santa Fe Av. & Bullrich, Int. Av.","Delgado & Loreto, Virrey",1306,5060.96767177029,"Sábado"
577751,"J.Ramirez de Velasco 285","Delgado & Loreto, Virrey",2021,5912.92507757866,"Domingo"
260697,"J.Ramirez de Velasco 285","Delgado & Loreto, Virrey",1361,5354.64917034648,"Domingo"
304004,"2519 Conesa","Delgado & Loreto, Virrey",1236,4587.13486637377,"Sábado"
173842,"Zapiola & Dorrego","Delgado & Loreto, Virrey",765,2488.81857616652,"Viernes"
260697,"2786 Montañeses","Delgado & Loreto, Virrey",1700,7008.97561813084,"Jueves"
582283,"Sucre, Antonio Jose De, Mcal. Y Vertiz Virrey Av.","Delgado & Loreto, Virrey",1445,4635.53762223132,"Viernes"
256655,"Olleros Av. & Del Libertador Av.","Olleros Av. & Del Libertador Av.",1744,5444.63061150163,"Miércoles"
575387,"1483 Quinteros, Lidoro J. Av.","Olleros Av. & Del Libertador Av.",3656,14264.9831718739,"Jueves"
28237,"2519 Conesa","Olleros Av. & Del Libertador Av.",1744,6588.72439674516,"Sábado"
282334,"Fitz Roy  1092 & Loyola","Olleros Av. & Del Libertador Av.",1720,4804.43825332137,"Martes"
356500,"Arcos & Roosevelt Franklin D.","Olleros Av. & Del Libertador Av.",1744,6230.7676472339,"Martes"
374441,"2786 Montañeses","Olleros Av. & Del Libertador Av.",783,2812.56386765745,"Martes"
374441,"Amenabar y Mendoza","Olleros Av. & Del Libertador Av.",984,3190.87313556423,"Viernes"
82247,"Santa Fe Av. & Bullrich, Int. Av.","Ramos Mejia, Av Dr Jose Maria Vargas& Av. Del Libertador",3329,12033.1575063497,"Miércoles"
26900,"3997 TTE. GENERAL JUAN DOMINGO PERON","1355 San Martin Av.",1023,3670.21334101252,"Lunes"
440910,"2516 Pereyra Lucena","1355 San Martin Av.",1364,4684.42941523649,"Miércoles"
440910,"2939 Cavia","1355 San Martin Av.",1586,4953.62125986269,"Lunes"
440910,"2939 Cavia","1355 San Martin Av.",2119,6936.34901550217,"Martes"
440910,"2939 Cavia","1355 San Martin Av.",1526,4355.2608399335,"Jueves"
440910,"2939 Cavia","1355 San Martin Av.",1783,5783.04283592507,"Lunes"
440910,"2939 Cavia","1355 San Martin Av.",1516,4390.3050830342,"Viernes"
440910,"2939 Cavia","1355 San Martin Av.",1447,4423.9530939528,"Viernes"
440910,"3050 Ugarteche","1355 San Martin Av.",1428,4325.00249396156,"Lunes"
440910,"Figueroa Alcorta & Sarmiento","1355 San Martin Av.",2192,6555.42038387826,"Viernes"
440910,"Figueroa Alcorta & Sarmiento","1355 San Martin Av.",1891,5364.42382497513,"Miércoles"
440910,"Figueroa Alcorta & Sarmiento","1355 San Martin Av.",1828,5118.72636897541,"Jueves"
440910,"Figueroa Alcorta & Sarmiento","1355 San Martin Av.",1975,7637.45803364145,"Lunes"
324897,"Virasoro, Valentin & Figueroa, D Apolinario, Coronel","1355 San Martin Av.",1886,7568.81033382961,"Miércoles"
134787,"1355 San Martin Av.","1355 San Martin Av.",1833,5542.02151843347,"Sábado"
440910,"3051 San Martin De Tours","1355 San Martin Av.",1756,7305.66215153214,"Jueves"
440910,"3051 San Martin De Tours","1355 San Martin Av.",1818,5748.35237712832,"Jueves"
440910,"3051 San Martin De Tours","1355 San Martin Av.",1625,6366.41575143181,"Martes"
552286,"Peña & Azcuenaga","Arenales y Aguero",637,2320.83196170667,"Sábado"
81924,"Riobamba 1264 & Juncal","Arenales y Aguero",664,2071.5382573945,"Sábado"
589648,"Marcelo T. de Alvear & Rodriguez Peña","Arenales y Aguero",1002,3629.90743468205,"Miércoles"
499328,"Estados Unidos & Lima","Mexico 1652",609,1828.94989535562,"Sábado"
370265,"Marcelo T. de Alvear & Rodriguez Peña","Mexico 1652",1043,4184.35205748699,"Lunes"
81924,"1520 Billinghurst & Mansilla, Lucio Norberto, General","1350 Posadas",1720,6915.973760511,"Miércoles"
193956,"Virasoro, Valentin & Figueroa, D Apolinario, Coronel","1350 Posadas",2079,6568.41964052583,"Lunes"
193956,"1350 Posadas","1350 Posadas",1786,5471.83939426322,"Lunes"
153381,"Costa Rica & Armenia","1350 Posadas",2045,6186.19425523664,"Domingo"
520252,"Figueroa Alcorta, Pres. Av. & Dorrego Av.","3050 Ugarteche",1090,3137.9730314786,"Martes"
520252,"3050 Ugarteche","3050 Ugarteche",3184,10907.5108146191,"Domingo"
293093,"Riobamba 1264 & Juncal","3050 Ugarteche",770,3133.91958251143,"Domingo"
575387,"Sucre, Antonio Jose De, Mcal. Y Vertiz Virrey Av.","3050 Ugarteche",3922,15373.8079651117,"Domingo"
26900,"3997 TTE. GENERAL JUAN DOMINGO PERON","ESMERALDA 516",5380,21335.1535715046,"Martes"
26900,"3997 TTE. GENERAL JUAN DOMINGO PERON","ESMERALDA 516",1406,4773.15533223575,"Lunes"
26900,"3997 TTE. GENERAL JUAN DOMINGO PERON","ESMERALDA 516",1196,4656.49307133733,"Martes"
26900,"3997 TTE. GENERAL JUAN DOMINGO PERON","ESMERALDA 516",1374,4757.06451462853,"Martes"
153381,"1350 Posadas","ESMERALDA 516",1204,3750.33290879284,"Domingo"
577751,"Acevedo 220 y padilla","Guatemala 4773",1112,3946.38014908673,"Lunes"
93622,"Av. Patricias Argentinas & Estivao","Guatemala 4773",1160,4308.66967370578,"Viernes"
121665,"394 Rawson & Potosi","Guatemala 4773",1383,5667.85671860853,"Lunes"
527469,"1078 Gurruchaga","Guatemala 4773",466,1661.70468161904,"Jueves"
170766,"Av. Gaona 2200","1540 Garcia, Juan Agustin",463,1918.86607269052,"Miércoles"
170766,"Av. Gaona 2200","1540 Garcia, Juan Agustin",347,1314.90720539328,"Jueves"
170766,"Av. Gaona 2200","1540 Garcia, Juan Agustin",335,1303.9522297509,"Martes"
170766,"Av. Gaona 2200","1540 Garcia, Juan Agustin",329,1187.6489379081,"Jueves"
170766,"Av. Gaona 2200","1540 Garcia, Juan Agustin",402,1529.33848802156,"Miércoles"
170766,"Av. Gaona 2200","1540 Garcia, Juan Agustin",444,1795.29824620889,"Jueves"
170766,"Av. Gaona 2200","1540 Garcia, Juan Agustin",346,1418.11206895185,"Miércoles"
170766,"Av. Gaona 2200","1540 Garcia, Juan Agustin",425,1260.26842629168,"Viernes"
170766,"Av. Gaona 2200","1540 Garcia, Juan Agustin",342,1010.53403890692,"Jueves"
142836,"Avenida Rivadavia y Fray Cayetano","1540 Garcia, Juan Agustin",1227,3842.7128828121,"Jueves"
20794,"2502 Galicia","1540 Garcia, Juan Agustin",633,2518.80111699963,"Lunes"
170766,"394 Rawson & Potosi","1540 Garcia, Juan Agustin",967,3795.89133428947,"Viernes"
154748,"1540 Garcia, Juan Agustin","1540 Garcia, Juan Agustin",2402,9433.73729253718,"Domingo"
193956,"1590 Lavalle","Calcena & Avellaneda Av.",2017,6135.24783399609,"Martes"
322742,"Calcena & Avellaneda Av.","Calcena & Avellaneda Av.",1731,6854.11567710883,"Lunes"
174796,"Calcena & Avellaneda Av.","Calcena & Avellaneda Av.",1470,4673.98154526018,"Viernes"
174796,"Calcena & Avellaneda Av.","Calcena & Avellaneda Av.",1744,6224.28814837606,"Domingo"
123931,"3084 Agrelo","Calcena & Avellaneda Av.",2239,7005.41067543996,"Miércoles"
322742,"Bruno Giordano&Neuquen","Calcena & Avellaneda Av.",5848,24091.3971228835,"Sábado"
322742,"Dr Tomas Manuel De  Anchorena &  Jose A. Cabrera","Calcena & Avellaneda Av.",2358,8356.82894603815,"Viernes"
123931,"Triunvirato Av. & Roosevelt Franklin D. Av.","Calcena & Avellaneda Av.",2437,9037.78479467405,"Miércoles"
322742,"1078 Gurruchaga","Calcena & Avellaneda Av.",1395,5400.20633158565,"Viernes"
232694,"Av. Patricias Argentinas & Estivao","Bernardo Irigoyen 320",1214,4924.02595686662,"Lunes"
414238,"Villaflor, Azucena & Paine, Aime","Bernardo Irigoyen 320",1316,4475.85949204836,"Lunes"
487396,"Salguero, Jeronimo & Mansilla, Lucio Norberto, General","Reconquista & Corrientes Av.",1647,5444.91921176668,"Jueves"
547402,"3302 Guardia Vieja & Aguero","Reconquista & Corrientes Av.",1243,4944.58049767515,"Domingo"
414238,"Bernardo Irigoyen 320","Av. España 2200",1084,4475.24234916394,"Sábado"
388425,"3024 Calvo, Carlos","Av. España 2200",2048,6868.57726706399,"Domingo"
27098,"Av. España 2200","Av. España 2200",2742,8565.15839688363,"Domingo"
11443,"Av. España 2200","Av. España 2200",5443,21098.4594689207,"Viernes"
27098,"Av. España 2200","Av. España 2200",3739,12539.2587143326,"Domingo"
144451,"367 Sanchez De Thompson, Mariquita","Av. España 2200",920,3438.28652632267,"Domingo"
410951,"Cevallos, Virrey& Yrigoyen, Hipolito Av.","902 Esmeralda",1014,3615.76830147339,"Lunes"
153381,"Machaca Guemes 350","902 Esmeralda",1545,5478.78258112663,"Domingo"
153381,"2000 Vicente Lopez","902 Esmeralda",1413,5743.49198631535,"Sábado"
193956,"Bruno Giordano&Neuquen","Avenida Rivadavia y Fray Cayetano",1628,6614.75201425427,"Martes"
553999,"Marcelo T. de Alvear & Rodriguez Peña","Sarandi 1010",1365,4518.35877286309,"Martes"
399896,"708 Pasco & Chile","Calle Perú, 718",772,3054.68647231658,"Lunes"
399896,"Sarandi 1010","Calle Perú, 718",779,3185.8728998913,"Domingo"
527469,"Marcelo T. de Alvear & Rodriguez Peña","Saenz Peña 938, Roque, Pres. Diagonal Norte Av. & Suipacha",810,2788.69968862273,"Sábado"
121665,"Santa Fe Av. & Bullrich, Int. Av.","394 Rawson & Potosi",2031,6912.30841161644,"Martes"
90162,"Av. Patricias Argentinas & Estivao","608 Doblas & Valle",537,1991.92906889948,"Miércoles"
90162,"137 Aranguren, Juan F., Dr. & Portugal","608 Doblas & Valle",14806,44395.2781500366,"Lunes"
90162,"Uriburu Jose E., Pres. & Paraguay","608 Doblas & Valle",1320,5464.71397144099,"Domingo"
90162,"Lima 750","608 Doblas & Valle",1360,3947.84477880845,"Domingo"
140146,"1019 Riglos","608 Doblas & Valle",912,2788.18749599159,"Viernes"
577751,"925 Yatay& Humahuaca","Virasoro, Valentin & Figueroa, D Apolinario, Coronel",1100,4437.08426021557,"Jueves"
577751,"925 Yatay& Humahuaca","Virasoro, Valentin & Figueroa, D Apolinario, Coronel",916,3066.16462763761,"Jueves"
577751,"925 Yatay& Humahuaca","Virasoro, Valentin & Figueroa, D Apolinario, Coronel",1025,2883.33539140391,"Martes"
577751,"925 Yatay& Humahuaca","Virasoro, Valentin & Figueroa, D Apolinario, Coronel",1923,5691.4248490871,"Lunes"
170766,"Fitz Roy  1092 & Loyola","494 Gainza, Martin De, Gral.",1159,3318.62073779242,"Sábado"
388425,"Cordoba 6599","1321 Villarroel & Humboldt CABA",1117,4128.30568609934,"Sábado"
141358,"1321 Villarroel & Humboldt CABA","1019 Saavedra",2989,10555.7004567769,"Jueves"
399896,"1019 Saavedra","1019 Saavedra",2274,8491.54189074179,"Domingo"
399896,"3568 Estados Unidos & Boedo Av.","1019 Saavedra",546,1854.67673880436,"Lunes"
399896,"3024 Calvo, Carlos","1019 Saavedra",311,1134.42723871429,"Viernes"
399896,"3024 Calvo, Carlos","1019 Saavedra",333,1371.02220666129,"Sábado"
399896,"3024 Calvo, Carlos","1019 Saavedra",1513,5152.01294333254,"Jueves"
304004,"Armenia 1525 y Gorriti","1981 Vidal",822,2545.02401101636,"Sábado"
198972,"Triunvirato Av. & Roosevelt Franklin D. Av.","1981 Vidal",1933,5734.59090670125,"Viernes"
20794,"Machaca Guemes 350","169 Peru & Roca, Julio A., Presidente Diagonal Sur Av.",442,1720.78955841846,"Lunes"
171535,"2300 Diaz, Cnel. Av. & French","169 Peru & Roca, Julio A., Presidente Diagonal Sur Av.",2263,6782.77152779434,"Miércoles"
171535,"Villaflor, Azucena & Dealessi, Pierina","169 Peru & Roca, Julio A., Presidente Diagonal Sur Av.",569,2146.80970004249,"Jueves"
23321,"Adolfo Alsina& Bernardo De Irigoyen","169 Peru & Roca, Julio A., Presidente Diagonal Sur Av.",249,934.274839680681,"Miércoles"
23321,"Adolfo Alsina& Bernardo De Irigoyen","169 Peru & Roca, Julio A., Presidente Diagonal Sur Av.",310,995.653673046036,"Lunes"
23321,"Adolfo Alsina& Bernardo De Irigoyen","169 Peru & Roca, Julio A., Presidente Diagonal Sur Av.",296,1087.20471440659,"Lunes"
23321,"Adolfo Alsina& Bernardo De Irigoyen","169 Peru & Roca, Julio A., Presidente Diagonal Sur Av.",302,998.420294416913,"Lunes"
23321,"Adolfo Alsina& Bernardo De Irigoyen","169 Peru & Roca, Julio A., Presidente Diagonal Sur Av.",274,848.720532891134,"Miércoles"
23321,"169 Peru & Roca, Julio A., Presidente Diagonal Sur Av.","169 Peru & Roca, Julio A., Presidente Diagonal Sur Av.",964,3519.1175900529,"Jueves"
23321,"Esmeralda y Av.Rivadvia","169 Peru & Roca, Julio A., Presidente Diagonal Sur Av.",464,1814.74095550883,"Jueves"
81924,"Parana & Juncal","Aguero & Mansilla, Lucio Norberto, General",827,3192.18955233583,"Martes"
435160,"Aguero & Mansilla, Lucio Norberto, General","Aguero & Mansilla, Lucio Norberto, General",352,1299.58671914,"Miércoles"
31552,"2908 Salcedo & Dean Funes","Aguero & Mansilla, Lucio Norberto, General",1770,6111.26612516819,"Viernes"
81924,"Riobamba 1264 & Juncal","Aguero & Mansilla, Lucio Norberto, General",605,1770.60837461775,"Viernes"
81924,"Riobamba 1264 & Juncal","Aguero & Mansilla, Lucio Norberto, General",788,2936.83668078932,"Viernes"
81924,"Riobamba 1264 & Juncal","Aguero & Mansilla, Lucio Norberto, General",569,2202.093234742,"Miércoles"
81924,"Riobamba 1264 & Juncal","Aguero & Mansilla, Lucio Norberto, General",606,1798.4746276692,"Viernes"
81924,"Riobamba 1264 & Juncal","Aguero & Mansilla, Lucio Norberto, General",663,1969.57404784043,"Jueves"
81924,"Riobamba 1264 & Juncal","Aguero & Mansilla, Lucio Norberto, General",802,2334.41596502736,"Jueves"
81924,"Marcelo T. de Alvear & Rodriguez Peña","Aguero & Mansilla, Lucio Norberto, General",459,1741.56137396058,"Lunes"
81924,"Marcelo T. de Alvear & Rodriguez Peña","Aguero & Mansilla, Lucio Norberto, General",553,1971.50670468109,"Viernes"
81924,"Marcelo T. de Alvear & Rodriguez Peña","Aguero & Mansilla, Lucio Norberto, General",661,2450.67873044916,"Miércoles"
81924,"Marcelo T. de Alvear & Rodriguez Peña","Aguero & Mansilla, Lucio Norberto, General",650,2039.15090285591,"Lunes"
81924,"Marcelo T. de Alvear & Rodriguez Peña","Aguero & Mansilla, Lucio Norberto, General",524,2034.09072296539,"Viernes"
427602,"1321 Villarroel & Humboldt CABA","Triunvirato Av. & Roosevelt Franklin D. Av.",2838,10305.567685406,"Jueves"
573087,"1413 Araoz & Gorriti CABA","Triunvirato Av. & Roosevelt Franklin D. Av.",2149,6035.34994721251,"Domingo"
427602,"Av Guzman 129 & Leiva","Triunvirato Av. & Roosevelt Franklin D. Av.",1321,5033.44836124258,"Lunes"
427602,"Av Guzman 129 & Leiva","Triunvirato Av. & Roosevelt Franklin D. Av.",1094,3527.33013821675,"Jueves"
404784,"Miguel Sanchez y Av Libertadores","Triunvirato Av. & Roosevelt Franklin D. Av.",2039,7006.8452093456,"Viernes"
536592,"Fitz Roy  1092 & Loyola","Triunvirato Av. & Roosevelt Franklin D. Av.",10726,37267.739601355,"Sábado"
198972,"Moreno & Av Paseo Colon","Triunvirato Av. & Roosevelt Franklin D. Av.",3951,11984.0969741432,"Domingo"
310471,"2001 Donado","Triunvirato Av. & Roosevelt Franklin D. Av.",727,2987.97844592094,"Lunes"
241298,"2001 Donado","Triunvirato Av. & Roosevelt Franklin D. Av.",2904,10742.9180449729,"Domingo"
153381,"Machaca Guemes 350","Ramos Mejia, Jose Maria, Dr. Av. & Del Libertador Av.",1229,4210.99511858354,"Domingo"
253726,"Armenia 2315 & Charcas","Ramos Mejia, Jose Maria, Dr. Av. & Del Libertador Av.",2368,8964.25662522929,"Martes"
142836,"67 San Martin","Ramos Mejia, Jose Maria, Dr. Av. & Del Libertador Av.",714,2094.31089497715,"Martes"
405095,"Vera Peñaloza, Rosario 599 & Lanteri Julieta","Avenida Martin Garcia, 295",782,2497.58783719735,"Miércoles"
577751,"925 Yatay& Humahuaca","Fitz Roy  1092 & Loyola",805,3228.72589979347,"Lunes"
577751,"925 Yatay& Humahuaca","Fitz Roy  1092 & Loyola",790,3026.81935952084,"Martes"
577751,"925 Yatay& Humahuaca","Fitz Roy  1092 & Loyola",735,2199.48870766772,"Domingo"
141358,"Fitz Roy  1092 & Loyola","Fitz Roy  1092 & Loyola",1998,8052.51116908039,"Jueves"
141358,"Fitz Roy  1092 & Loyola","Fitz Roy  1092 & Loyola",1586,6246.31625736365,"Lunes"
46206,"Estados Unidos & Lima","Lima 750",1924,7918.94393677616,"Lunes"
193956,"141 Jose Maria Moreno","80 Larrea",3959,13972.6386679281,"Viernes"
487396,"Salguero, Jeronimo & Mansilla, Lucio Norberto, General","La Pampa 2512 & Ciudad de la Paz",1793,6954.63450153539,"Miércoles"
582283,"2700 Pedraza, Manuela","La Pampa 2512 & Ciudad de la Paz",891,2695.29996147612,"Viernes"
157481,"Avelino Diaz&Doblas","Avelino Diaz&Doblas",8366,34302.4385840108,"Sábado"
157481,"Avelino Diaz&Doblas","Avelino Diaz&Doblas",1443,5191.14375236968,"Lunes"
275957,"2875 Moreno","Avelino Diaz&Doblas",1086,3144.10347753049,"Sábado"
123931,"Santa Fe Av. & Bullrich, Int. Av.","3084 Agrelo",2636,8983.84398952152,"Lunes"
123931,"Santa Fe Av. & Bullrich, Int. Av.","3084 Agrelo",2406,8046.2959095176,"Jueves"
123931,"Santa Fe Av. & Bullrich, Int. Av.","3084 Agrelo",2467,7380.81711911234,"Jueves"
123931,"Santa Fe Av. & Bullrich, Int. Av.","3084 Agrelo",2427,9287.67823720506,"Lunes"
123931,"Santa Fe Av. & Bullrich, Int. Av.","3084 Agrelo",2737,8158.16311341575,"Lunes"
123931,"Santa Fe Av. & Bullrich, Int. Av.","3084 Agrelo",2136,6279.80634885219,"Miércoles"
123931,"Av. Sarmiento 2601","3084 Agrelo",2375,6690.96461533627,"Miércoles"
20794,"Machaca Guemes 350","Madero, Eduardo Av. & Peron, Juan Domingo, Tte. General",254,897.829496566879,"Jueves"
2960,"Madero, Eduardo Av. & Peron, Juan Domingo, Tte. General","Madero, Eduardo Av. & Peron, Juan Domingo, Tte. General",1646,6307.60471076873,"Sábado"
206911,"527 25 De Mayo","Madero, Eduardo Av. & Peron, Juan Domingo, Tte. General",632,2465.0889520999,"Lunes"
92026,"Acevedo 220 y padilla","Triunvirato Av. & Tronador",1141,4378.50798255402,"Miércoles"
92026,"Acevedo 220 y padilla","Triunvirato Av. & Tronador",1067,3075.48943275146,"Martes"
92026,"Acevedo 220 y padilla","Triunvirato Av. & Tronador",1150,4721.64675913518,"Miércoles"
223569,"Cordoba 6599","Triunvirato Av. & Tronador",688,2746.48031856761,"Viernes"
92026,"2001 Donado","Triunvirato Av. & Tronador",997,3913.03655882819,"Domingo"
193956,"Calcena & Avellaneda Av.","Bruno Giordano&Neuquen",519,2066.69952210796,"Martes"
322742,"Calcena & Avellaneda Av.","Bruno Giordano&Neuquen",889,3168.69289792602,"Sábado"
193956,"3997 TTE. GENERAL JUAN DOMINGO PERON","Bruno Giordano&Neuquen",617,2518.73017347243,"Sábado"
193956,"3997 TTE. GENERAL JUAN DOMINGO PERON","Bruno Giordano&Neuquen",732,2411.42421609256,"Jueves"
193956,"1413 Araoz & Gorriti CABA","Bruno Giordano&Neuquen",1822,6925.32505199391,"Miércoles"
193956,"Avenida Rivadavia y Fray Cayetano","Bruno Giordano&Neuquen",769,2324.13124909152,"Miércoles"
469052,"Yerbal 1290","Bruno Giordano&Neuquen",523,1651.35651175838,"Miércoles"
193956,"Bruno Giordano&Neuquen","Bruno Giordano&Neuquen",1459,4433.89297315929,"Martes"
96634,"Bruno Giordano&Neuquen","Bruno Giordano&Neuquen",907,3298.27056194061,"Jueves"
20794,"2502 Galicia","Bruno Giordano&Neuquen",1176,3330.92426218403,"Domingo"
193956,"141 Jose Maria Moreno","Bruno Giordano&Neuquen",262,942.034444742603,"Martes"
193956,"141 Jose Maria Moreno","Bruno Giordano&Neuquen",318,1104.33941785207,"Sábado"
193956,"1350 Posadas","Bruno Giordano&Neuquen",1832,5332.2633164107,"Miércoles"
113305,"Avelino Diaz&Doblas","1019 Riglos",1317,4979.51906491168,"Sábado"
275957,"1019 Riglos","1019 Riglos",1352,5285.37448919378,"Domingo"
303923,"1019 Riglos","1019 Riglos",3117,12133.5018953134,"Jueves"
306242,"Bruno Giordano&Neuquen","1019 Riglos",2898,9411.82517533889,"Viernes"
173380,"2300 Diaz, Cnel. Av. & French","1483 Quinteros, Lidoro J. Av.",3814,12372.8104583505,"Martes"
234641,"GARCIA DEL RIO & PINTO","Miller & Monroe",1071,3747.51150043739,"Lunes"
449847,"Miller & Monroe","Miller & Monroe",1985,6884.08909981728,"Sábado"
449847,"Miller & Monroe","Miller & Monroe",2157,7259.09189544715,"Domingo"
469168,"Miller & Monroe","Miller & Monroe",3541,14526.4878141545,"Miércoles"
234641,"Amenabar y Mendoza","Miller & Monroe",1316,5115.23726656386,"Lunes"
306242,"Yerbal 1290","Brasil & Pichincha",2394,9127.97330064932,"Miércoles"
306242,"1019 Riglos","Brasil & Pichincha",1927,7353.22401894276,"Viernes"
306242,"Av. Rivadavia & Del Barco Centenera","Brasil & Pichincha",2412,9639.56177207874,"Miércoles"
72692,"201 Luna","Brasil & Pichincha",17897,70528.3409366543,"Miércoles"
399896,"Idependencia y Bernardo de Irigoyen","Brasil & Pichincha",817,2796.85515609001,"Jueves"
374441,"1798 Matienzo, Benjamin, Teniente","Vuelta de Obligado 2004",940,3864.60617006782,"Lunes"
374441,"1798 Matienzo, Benjamin, Teniente","Vuelta de Obligado 2004",1137,4348.87613651129,"Lunes"
374441,"Maure 1819","Vuelta de Obligado 2004",989,3608.69370554638,"Miércoles"
241298,"Triunvirato Av. & Roosevelt Franklin D. Av.","Vuelta de Obligado 2004",1892,6652.70876680863,"Domingo"
548894,"1981 Vidal","Vuelta de Obligado 2004",409,1283.81496921906,"Miércoles"
303202,"527 25 De Mayo","527 25 De Mayo",362,1389.26139018925,"Sábado"
448406,"Lavalle & Acuña De Figueroa, Francisco","137 Aranguren, Juan F., Dr. & Portugal",559,1655.7317175191,"Domingo"
304004,"Delgado & Loreto, Virrey","Cordoba 6599",306,1110.55621201522,"Martes"
304004,"1981 Vidal","Cordoba 6599",865,2807.65972738219,"Miércoles"
170766,"494 Gainza, Martin De, Gral.","Cordoba 6599",3569,10352.9332632354,"Sábado"
487396,"Salguero, Jeronimo & Mansilla, Lucio Norberto, General","Della Paolera 297, Carlos M. & Av. Leandro N. Alem",1525,5848.22097613748,"Lunes"
404784,"Olleros Av. & Del Libertador Av.","Miguel Sanchez y Av Libertadores",1736,6787.95605951972,"Viernes"
274841,"2939 Cavia","Miguel Sanchez y Av Libertadores",1725,4873.70557030469,"Jueves"
564043,"o´higins 1327","Miguel Sanchez y Av Libertadores",1192,3946.15757613339,"Martes"
389205,"1619 Brandsen","Avenida Martin Garcia y Ruy Díaz de Guzmán",4154,14924.6613780522,"Martes"
578956,"Fitz Roy & Gorriti","Av. Guzman 1100 & Av. Corrientes",1427,5800.28726357947,"Domingo"
2960,"Santa Fe Av. & Bullrich, Int. Av.","Av. Guzman 1100 & Av. Corrientes",1310,5377.24701928932,"Jueves"
583676,"Tronador y Garcia del Rio","Av. Guzman 1100 & Av. Corrientes",1951,6380.82132111045,"Jueves"
2960,"Triunvirato Av. & Roosevelt Franklin D. Av.","Av. Guzman 1100 & Av. Corrientes",1783,6252.72726415359,"Miércoles"
220485,"Miller & Monroe","Arcos & Roosevelt Franklin D.",3519,14540.5766027106,"Miércoles"
40938,"Arcos & Roosevelt Franklin D.","Arcos & Roosevelt Franklin D.",7697,23816.8108220571,"Sábado"
175559,"Maza y don Bosco","Pedro Echague 1878 & Combate De Los Pozos",2032,7839.81657226363,"Martes"
544646,"Brasil & Pichincha","Pedro Echague 1878 & Combate De Los Pozos",668,2710.30507314329,"Jueves"
175559,"441 Bulnes & Peron, Juan Domingo, Tte. General","Pedro Echague 1878 & Combate De Los Pozos",1356,4816.04526633164,"Martes"
284282,"3817 Traful","Pedro Echague 1878 & Combate De Los Pozos",1606,6047.27482160605,"Sábado"
523981,"Iguazu & Uspallata","Pedro Echague 1878 & Combate De Los Pozos",5407,21041.8239351575,"Domingo"
405095,"Avenida Martin Garcia, 295","Vera Peñaloza, Rosario 599 & Lanteri Julieta",712,2104.110516719,"Miércoles"
27098,"Estados Unidos 21","Vera Peñaloza, Rosario 599 & Lanteri Julieta",3147,11786.9671210229,"Sábado"
26701,"Vera Peñaloza, Rosario 599 & Lanteri Julieta","Vera Peñaloza, Rosario 599 & Lanteri Julieta",491,1627.46269228196,"Jueves"
27098,"Vera Peñaloza, Rosario 599 & Lanteri Julieta","Vera Peñaloza, Rosario 599 & Lanteri Julieta",2532,8803.20303171951,"Domingo"
410043,"Vera Peñaloza, Rosario 599 & Lanteri Julieta","Vera Peñaloza, Rosario 599 & Lanteri Julieta",5832,19516.2655481603,"Miércoles"
26701,"367 Sanchez De Thompson, Mariquita","Vera Peñaloza, Rosario 599 & Lanteri Julieta",3278,11423.1978956578,"Domingo"
448406,"367 Sanchez De Thompson, Mariquita","Vera Peñaloza, Rosario 599 & Lanteri Julieta",543,1514.19022871317,"Miércoles"
198972,"Moreno & Av Paseo Colon","383 Blanes, Juan Manuel",1136,3302.19161492358,"Domingo"
241645,"608 Doblas & Valle","1701 Fernandez Moreno, Baldomero",2153,8471.01506535287,"Martes"
345911,"1701 Fernandez Moreno, Baldomero","1701 Fernandez Moreno, Baldomero",6477,26113.483754007,"Martes"
543512,"1701 Fernandez Moreno, Baldomero","1701 Fernandez Moreno, Baldomero",3437,12003.5042098025,"Martes"
543512,"1701 Fernandez Moreno, Baldomero","1701 Fernandez Moreno, Baldomero",4395,16215.4553395958,"Domingo"
275957,"141 Jose Maria Moreno","1701 Fernandez Moreno, Baldomero",3221,12435.5238420679,"Miércoles"
345911,"Culpina 121","1701 Fernandez Moreno, Baldomero",1400,4771.63790524679,"Jueves"
81924,"Parana & Juncal","367 Sanchez De Thompson, Mariquita",859,3308.81196667938,"Martes"
81924,"Parana & Juncal","367 Sanchez De Thompson, Mariquita",1365,4621.61860497145,"Sábado"
81924,"Riobamba 1264 & Juncal","367 Sanchez De Thompson, Mariquita",1021,3891.67433598163,"Sábado"
81924,"Marcelo T. de Alvear & Rodriguez Peña","367 Sanchez De Thompson, Mariquita",955,2719.65756733456,"Domingo"
40938,"GARCIA DEL RIO & PINTO","GARCIA DEL RIO & PINTO",1963,5903.77296444074,"Viernes"
40938,"GARCIA DEL RIO & PINTO","GARCIA DEL RIO & PINTO",2009,6920.53068944596,"Domingo"
40938,"GARCIA DEL RIO & PINTO","GARCIA DEL RIO & PINTO",1945,6676.11248411413,"Domingo"
40938,"GARCIA DEL RIO & PINTO","GARCIA DEL RIO & PINTO",888,2893.47620294429,"Domingo"
23321,"GARCIA DEL RIO & PINTO","GARCIA DEL RIO & PINTO",703,2518.87185755639,"Domingo"
325587,"GARCIA DEL RIO & PINTO","GARCIA DEL RIO & PINTO",1871,5701.00413201015,"Sábado"
325587,"GARCIA DEL RIO & PINTO","GARCIA DEL RIO & PINTO",1367,4070.23809131416,"Sábado"
267711,"GARCIA DEL RIO & PINTO","GARCIA DEL RIO & PINTO",1205,4818.96944459004,"Lunes"
40938,"2519 Superi","GARCIA DEL RIO & PINTO",733,2478.90178837277,"Miércoles"
40938,"2519 Superi","GARCIA DEL RIO & PINTO",969,3906.84819996046,"Jueves"
583676,"2519 Conesa","GARCIA DEL RIO & PINTO",3462,10168.4093029723,"Sábado"
92026,"Zapiola & Dorrego","GARCIA DEL RIO & PINTO",1765,6794.00139767191,"Sábado"
585710,"Godoy Cruz  3279 y Libertador","2700 Pedraza, Manuela",2024,6105.71807080673,"Viernes"
583676,"GARCIA DEL RIO & PINTO","2700 Pedraza, Manuela",2647,9208.48363696067,"Domingo"
583676,"GARCIA DEL RIO & PINTO","2700 Pedraza, Manuela",629,2354.40125847138,"Sábado"
198972,"Figueroa Alcorta, Pres. Av. & Dorrego Av.","2700 Pedraza, Manuela",1696,6891.79231018449,"Miércoles"
544813,"780 Malabia & Loyola","2700 Pedraza, Manuela",2243,7389.20482993191,"Miércoles"
582283,"1399 Moldes","2700 Pedraza, Manuela",894,3018.29896183529,"Domingo"
582283,"1399 Moldes","2700 Pedraza, Manuela",1490,4810.44095576443,"Domingo"
585710,"1981 Vidal","2700 Pedraza, Manuela",570,2332.58370671926,"Jueves"
582283,"Sucre, Antonio Jose De, Mcal. Y Vertiz Virrey Av.","2700 Pedraza, Manuela",2090,7825.9909910622,"Jueves"
582283,"Sucre, Antonio Jose De, Mcal. Y Vertiz Virrey Av.","2700 Pedraza, Manuela",1077,4316.08354541434,"Viernes"
582283,"Sucre, Antonio Jose De, Mcal. Y Vertiz Virrey Av.","2700 Pedraza, Manuela",1131,3821.74731915487,"Jueves"
40938,"Godoy Cruz  3279 y Libertador","2519 Superi",1947,7544.34122917495,"Jueves"
40938,"GARCIA DEL RIO & PINTO","2519 Superi",682,2803.70068010331,"Miércoles"
556696,"2519 Superi","2519 Superi",1022,3059.73454785999,"Jueves"
556696,"2519 Superi","2519 Superi",512,1788.5901623302,"Jueves"
40938,"Vuelta de Obligado 2004","2519 Superi",899,3290.38238611473,"Viernes"
40938,"Vuelta de Obligado 2004","2519 Superi",884,2474.13154255547,"Martes"
40938,"Amenabar y Mendoza","2519 Superi",770,2826.90182634461,"Jueves"
589329,"Acevedo 220 y padilla","1471 Cucha Cucha",563,2124.01189490467,"Viernes"
123931,"Avenida Rivadavia y Fray Cayetano","1471 Cucha Cucha",1010,4057.09799328987,"Martes"
81924,"Av Guzman 129 & Leiva","1471 Cucha Cucha",822,3356.874610602,"Lunes"
589329,"1471 Cucha Cucha","1471 Cucha Cucha",6380,22954.2656637431,"Martes"
589329,"Santa Fe Av. & Dorrego","1471 Cucha Cucha",2296,8566.00010799917,"Sábado"
123931,"Saavedra & Mexico","1471 Cucha Cucha",2020,6536.51329378287,"Miércoles"
589329,"F.J.Santamaria de Oro & Guatemala","1471 Cucha Cucha",1895,6076.4945629263,"Viernes"
28237,"2292 Montañeses","2292 Montañeses",245,846.336729506018,"Lunes"
499328,"Estados Unidos & Lima","Villaflor, Azucena & Paine, Aime",845,2810.16509813586,"Domingo"
144451,"383 Blanes, Juan Manuel","Villaflor, Azucena & Paine, Aime",1488,4210.31800446411,"Lunes"
410043,"BRASIL&DEFENSA","Villaflor, Azucena & Paine, Aime",1731,5610.43886059682,"Jueves"
446029,"Villaflor, Azucena & Paine, Aime","Villaflor, Azucena & Paine, Aime",1961,7223.35817713045,"Lunes"
117689,"Calle Perú, 718","BRASIL&DEFENSA",513,1511.83385834447,"Miércoles"
573087,"Madero, Eduardo Av. & Peron, Juan Domingo, Tte. General","BRASIL&DEFENSA",1182,4370.6430887881,"Jueves"
262013,"AZOPARDO 700","BRASIL&DEFENSA",1003,3045.08866259647,"Sábado"
23321,"Machaca Guemes 350","Villaflor, Azucena & Dealessi, Pierina",1030,3345.34676745857,"Domingo"
23321,"Machaca Guemes 350","Villaflor, Azucena & Dealessi, Pierina",890,2837.58658225674,"Domingo"
192344,"Ramos Mejia, Av Dr Jose Maria Vargas& Av. Del Libertador","Villaflor, Azucena & Dealessi, Pierina",1905,5954.4755446453,"Domingo"
389205,"Av. España 2200","Villaflor, Azucena & Dealessi, Pierina",1439,4889.42027550236,"Sábado"
81924,"367 Sanchez De Thompson, Mariquita","Villaflor, Azucena & Dealessi, Pierina",1645,6668.08818789529,"Sábado"
499013,"684 Boulogne Sur Mer & Tucuman","2786 Montañeses",2748,10351.5764334317,"Martes"
406542,"Beruti & Ecuador","Lavalle & Bouchard",2036,7193.21523649851,"Domingo"
178331,"Andres Lamas&Remedios Escalada de San Martin","Andres Lamas&Remedios Escalada de San Martin",7584,27727.7621516958,"Lunes"
178331,"Av. Gaona 2200","Andres Lamas&Remedios Escalada de San Martin",715,2091.43693121344,"Miércoles"
454520,"Iguazu & Uspallata","Iguazu & Uspallata",1547,6314.19109282789,"Miércoles"
304004,"Cordoba 6599","1399 Moldes",519,2095.92738238765,"Martes"
582283,"2700 Pedraza, Manuela","1399 Moldes",1145,4569.32807276543,"Martes"
582283,"2700 Pedraza, Manuela","1399 Moldes",628,2518.27354428565,"Lunes"
582283,"Amenabar y Mendoza","1399 Moldes",361,1299.38447967417,"Miércoles"
142836,"Ramos Mejia, Jose Maria, Dr. Av. & Del Libertador Av.","67 San Martin",938,3411.53603509625,"Jueves"
81924,"Riobamba 1264 & Juncal","Adolfo Alsina& Bernardo De Irigoyen",1235,4058.00147336979,"Lunes"
499013,"3302 Guardia Vieja & Aguero","Argerich & Flores, Venancio, Gral.",3290,10281.9326344502,"Jueves"
398223,"Guayaquil & Doblas","4083 Vallese, Felipe",2884,8941.80544340957,"Sábado"
46206,"Idependencia y Bernardo de Irigoyen","Idependencia y Bernardo de Irigoyen",1344,4395.04879806191,"Lunes"
144451,"383 Blanes, Juan Manuel","750 Pi Y Margall & Necochea",3068,10710.3021839996,"Martes"
190823,"1798 Matienzo, Benjamin, Teniente","2519 Conesa",1812,5828.4012740866,"Sábado"
585710,"Olleros Av. & Del Libertador Av.","2519 Conesa",1408,5160.83043817845,"Sábado"
585710,"Olleros Av. & Del Libertador Av.","2519 Conesa",1484,5955.58879008491,"Domingo"
585710,"Olleros Av. & Del Libertador Av.","2519 Conesa",1219,3884.70464515202,"Sábado"
585710,"GARCIA DEL RIO & PINTO","2519 Conesa",560,1592.38067647028,"Martes"
585710,"Maure 1819","2519 Conesa",1410,4328.44623268466,"Sábado"
585710,"Maure 1819","2519 Conesa",2197,6360.54523719197,"Sábado"
38426,"1483 Quinteros, Lidoro J. Av.","2519 Conesa",2945,8679.6422242187,"Lunes"
585710,"Amenabar y Mendoza","2519 Conesa",337,1390.44585075365,"Jueves"
585710,"Sucre, Antonio Jose De, Mcal. Y Vertiz Virrey Av.","2519 Conesa",758,2899.6561365823,"Jueves"
399850,"Estados Unidos & Lima","1619 Brandsen",858,3477.2458423744,"Martes"
399850,"1619 Brandsen","1619 Brandsen",1665,6282.17192592274,"Martes"
399850,"750 Pi Y Margall & Necochea","1619 Brandsen",1753,6810.93010449614,"Sábado"
421489,"Vera Peñaloza, Rosario 599 & Lanteri Julieta","1619 Brandsen",1446,5885.64709967468,"Sábado"
175559,"153 Perdriel","California y General Hornos",716,2934.72407582966,"Lunes"
152624,"2080 Austria","California y General Hornos",2115,6517.96133385506,"Miércoles"
152624,"2080 Austria","California y General Hornos",2164,6745.74409123096,"Miércoles"
152624,"2080 Austria","California y General Hornos",2036,6690.35845785531,"Viernes"
152624,"2080 Austria","California y General Hornos",2164,6844.08709578501,"Jueves"
152624,"2080 Austria","California y General Hornos",2084,6091.63743239414,"Viernes"
152624,"2080 Austria","California y General Hornos",2400,6942.255764734,"Jueves"
152624,"2080 Austria","California y General Hornos",2098,8183.79373963431,"Martes"
152624,"2080 Austria","California y General Hornos",1712,5147.45462704967,"Lunes"
152624,"2080 Austria","California y General Hornos",2194,7362.6100167147,"Viernes"
152624,"2080 Austria","California y General Hornos",2151,6612.01168264379,"Miércoles"
152624,"2080 Austria","California y General Hornos",2303,7653.72853500077,"Martes"
152624,"2080 Austria","California y General Hornos",2120,7958.14602615105,"Viernes"
152624,"2080 Austria","California y General Hornos",1962,7597.19971590675,"Jueves"
152624,"2080 Austria","California y General Hornos",1956,6283.91108621145,"Miércoles"
152624,"2080 Austria","California y General Hornos",1985,8088.38977057571,"Martes"
152624,"2080 Austria","California y General Hornos",2058,7981.4556565776,"Lunes"
152624,"2080 Austria","California y General Hornos",2792,8143.36185070117,"Viernes"
152624,"2300 Diaz, Cnel. Av. & French","California y General Hornos",2058,7692.01102656856,"Lunes"
142836,"J.Ramirez de Velasco 285","Culpina 121",2351,9144.91975108039,"Miércoles"
365573,"Argerich & Flores, Venancio, Gral.","Culpina 121",3006,8841.90866801073,"Martes"
275957,"300 Almafuerte Av. & Los Patos","Cochabamba 1755",1029,4066.88389158517,"Martes"
275957,"1019 Saavedra","Cochabamba 1755",540,1740.02138699871,"Lunes"
275957,"Saavedra & Mexico","Cochabamba 1755",540,1725.84023553645,"Sábado"
275957,"Marcelo T. de Alvear & Rodriguez Peña","Cochabamba 1755",929,3135.20469276733,"Jueves"
275957,"Marcelo T. de Alvear & Rodriguez Peña","Cochabamba 1755",1177,3699.06716794131,"Viernes"
275957,"Cochabamba 1755","Cochabamba 1755",2430,9075.73485479224,"Sábado"
198972,"Lavalle & Acuña De Figueroa, Francisco","Olavarría 811",3989,16561.8737732827,"Domingo"
